train_start,train_end,test_year,rule,capacity,test_component_units,damage_units,selected_units,selected_damage_units,damage_capture,selected_hit_rate,overall_damage_rate,damage_lift,hard_consequence_units,selected_hard_consequence_units,hard_consequence_capture,total_event_cost,selected_event_cost,cost_capture,total_event_aos,selected_event_aos,aos_capture
1990,1994,1995,hierarchical_eb_execution,0.05,2573,588,129,98,0.16666666666666666,0.7596899224806202,0.22852701127089,3.3242894056847545,911,111,0.12184412733260154,50556490.0,8888223.0,0.1758077548500697,9192.5,4430.0,0.48191460429698124
1990,1994,1995,hierarchical_eb_execution,0.1,2573,588,258,172,0.2925170068027211,0.6666666666666666,0.22852701127089,2.9172335600907027,911,207,0.22722283205268934,50556490.0,24654038.0,0.4876532765625145,9192.5,4766.0,0.5184661408757139
1990,1994,1995,bayesian_species_child,0.05,2573,588,129,98,0.16666666666666666,0.7596899224806202,0.22852701127089,3.3242894056847545,911,114,0.1251372118551043,50556490.0,8867123.0,0.17539039992689365,9192.5,4350.0,0.4732118574925211
1990,1994,1995,bayesian_species_child,0.1,2573,588,258,181,0.3078231292517007,0.7015503875968992,0.22852701127089,3.0698795021884724,911,218,0.23929747530186607,50556490.0,43761697.0,0.8655999852837885,9192.5,5020.0,0.5460973619798749
1990,1994,1995,compact_lightgbm,0.05,2573,588,129,96,0.16326530612244897,0.7441860465116279,0.22852701127089,3.2564467647524125,911,112,0.12294182217343579,50556490.0,8758580.0,0.17324343521474692,9192.5,4285.0,0.4661408757138972
1990,1994,1995,compact_lightgbm,0.1,2573,588,258,180,0.30612244897959184,0.6976744186046512,0.22852701127089,3.0529188419553868,911,211,0.23161361141602635,50556490.0,24744768.0,0.4894479027321715,9192.5,4864.0,0.5291270057111775
1990,1994,1995,compact_catboost,0.05,2573,588,129,100,0.17006802721088435,0.7751937984496124,0.22852701127089,3.3921320466170966,911,114,0.1251372118551043,50556490.0,21439680.0,0.42407374404354414,9192.5,4388.0,0.47734566222463964
1990,1994,1995,compact_catboost,0.1,2573,588,258,173,0.2942176870748299,0.6705426356589147,0.22852701127089,2.9341942203237883,911,205,0.22502744237102085,50556490.0,23307436.0,0.4610176853654199,9192.5,4722.0,0.5136796301332608
1991,1995,1996,hierarchical_eb_execution,0.05,2533,576,127,102,0.17708333333333334,0.8031496062992126,0.2273983418870904,3.531906167979003,900,112,0.12444444444444444,10811456.0,1872485.0,0.17319452625067336,19764.0,10820.0,0.5474600283343453
1991,1995,1996,hierarchical_eb_execution,0.1,2533,576,254,179,0.3107638888888889,0.7047244094488189,0.2273983418870904,3.0990745297462814,900,212,0.23555555555555555,10811456.0,5416951.0,0.501038065548248,19764.0,13701.5,0.6932554138838292
1991,1995,1996,bayesian_species_child,0.05,2533,576,127,100,0.1736111111111111,0.7874015748031497,0.2273983418870904,3.4626531058617673,900,110,0.12222222222222222,10811456.0,1893989.0,0.175183527547076,19764.0,10880.0,0.5504958510422991
1991,1995,1996,bayesian_species_child,0.1,2533,576,254,185,0.3211805555555556,0.7283464566929134,0.2273983418870904,3.2029541229221348,900,218,0.24222222222222223,10811456.0,4651459.0,0.43023428111810286,19764.0,15051.0,0.7615361262902246
1991,1995,1996,compact_lightgbm,0.05,2533,576,127,101,0.1753472222222222,0.7952755905511811,0.2273983418870904,3.497279636920385,900,112,0.12444444444444444,10811456.0,1892521.0,0.17504774565053957,19764.0,12132.0,0.6138433515482696
1991,1995,1996,compact_lightgbm,0.1,2533,576,254,178,0.3090277777777778,0.7007874015748031,0.2273983418870904,3.081761264216973,900,210,0.23333333333333334,10811456.0,2170441.0,0.20075381151252894,19764.0,15824.5,0.8006729407002631
1991,1995,1996,compact_catboost,0.05,2533,576,127,102,0.17708333333333334,0.8031496062992126,0.2273983418870904,3.531906167979003,900,111,0.12333333333333334,10811456.0,1840707.0,0.1702552366674757,19764.0,11578.0,0.585812588544829
1991,1995,1996,compact_catboost,0.1,2533,576,254,182,0.3159722222222222,0.7165354330708661,0.2273983418870904,3.151014326334208,900,213,0.23666666666666666,10811456.0,2801860.0,0.25915658353509463,19764.0,16082.5,0.8137269783444647
1992,1996,1997,hierarchical_eb_execution,0.05,3246,701,163,126,0.1797432239657632,0.7730061349693251,0.2159581022797289,3.579426410999186,1127,134,0.1188997338065661,15049883.0,7179119.0,0.47702158216113705,41979.0,12193.0,0.2904547511851164
1992,1996,1997,hierarchical_eb_execution,0.1,3246,701,325,227,0.3238231098430813,0.6984615384615385,0.2159581022797289,3.2342455832327444,1127,262,0.23247559893522626,15049883.0,10652375.0,0.7078045058556269,41979.0,18122.0,0.4316920364944377
1992,1996,1997,bayesian_species_child,0.05,3246,701,163,129,0.1840228245363766,0.7914110429447853,0.2159581022797289,3.6646508493563097,1127,144,0.12777284826974267,15049883.0,1864911.0,0.12391531548783469,41979.0,16067.0,0.38273898854189
1992,1996,1997,bayesian_species_child,0.1,3246,701,325,240,0.34236804564907275,0.7384615384615385,0.2159581022797289,3.419466695928893,1127,275,0.2440106477373558,15049883.0,8905337.0,0.5917213442788891,41979.0,18422.0,0.43883846685247385
1992,1996,1997,compact_lightgbm,0.05,3246,701,163,133,0.18972895863052783,0.8159509202453987,0.2159581022797289,3.778283433832474,1127,141,0.1251109139307897,15049883.0,7358968.0,0.48897177473074044,41979.0,14346.0,0.3417422997212892
1992,1996,1997,compact_lightgbm,0.1,3246,701,325,228,0.3252496433666191,0.7015384615384616,0.2159581022797289,3.2484933611324482,1127,264,0.23425022182786157,15049883.0,10147512.0,0.6742585307806047,41979.0,22082.0,0.526024917220515
1992,1996,1997,compact_catboost,0.05,3246,701,163,131,0.18687589158345222,0.803680981595092,0.2159581022797289,3.7214671415943923,1127,141,0.1251109139307897,15049883.0,4344454.0,0.2886702840148325,41979.0,15410.0,0.3670883060577908
1992,1996,1997,compact_catboost,0.1,3246,701,325,228,0.3252496433666191,0.7015384615384616,0.2159581022797289,3.2484933611324482,1127,269,0.23868677905944988,15049883.0,10663733.0,0.7085591961080362,41979.0,23679.0,0.5640677481597942
1993,1997,1998,hierarchical_eb_execution,0.05,3348,720,168,146,0.20277777777777778,0.8690476190476191,0.21505376344086022,4.041071428571429,1178,155,0.13157894736842105,37470425.0,27696276.0,0.739150303205795,24471.25,16519.0,0.6750370332533074
1993,1997,1998,hierarchical_eb_execution,0.1,3348,720,335,251,0.3486111111111111,0.7492537313432835,0.21505376344086022,3.4840298507462686,1178,292,0.24787775891341257,37470425.0,31144809.0,0.8311837669308528,24471.25,17801.0,0.7274250395872708
1993,1997,1998,bayesian_species_child,0.05,3348,720,168,151,0.20972222222222223,0.8988095238095238,0.21505376344086022,4.179464285714285,1178,160,0.13582342954159593,37470425.0,27501397.0,0.7339494281156406,24471.25,15186.0,0.6205649486642488
1993,1997,1998,bayesian_species_child,0.1,3348,720,335,259,0.3597222222222222,0.7731343283582089,0.21505376344086022,3.5950746268656717,1178,298,0.2529711375212224,37470425.0,31538024.0,0.8416777765397644,24471.25,19072.0,0.7793635388466057
1993,1997,1998,compact_lightgbm,0.05,3348,720,168,145,0.2013888888888889,0.8630952380952381,0.21505376344086022,4.013392857142858,1178,155,0.13157894736842105,37470425.0,27793134.0,0.7417352218449618,24471.25,17325.0,0.707973642539715
1993,1997,1998,compact_lightgbm,0.1,3348,720,335,257,0.35694444444444445,0.7671641791044777,0.21505376344086022,3.567313432835821,1178,297,0.25212224108658743,37470425.0,29573134.0,0.7892393534367438,24471.25,18521.0,0.7568473208356745
1993,1997,1998,compact_catboost,0.05,3348,720,168,146,0.20277777777777778,0.8690476190476191,0.21505376344086022,4.041071428571429,1178,158,0.13412563667232597,37470425.0,27491571.0,0.7336871946341681,24471.25,16821.0,0.6873780456658324
1993,1997,1998,compact_catboost,0.1,3348,720,335,261,0.3625,0.7791044776119403,0.21505376344086022,3.6228358208955225,1178,300,0.2546689303904924,37470425.0,31534279.0,0.841577831049421,24471.25,18505.0,0.7561934923634878
1994,1998,1999,hierarchical_eb_execution,0.05,4898,848,245,178,0.2099056603773585,0.726530612244898,0.1731318905675786,4.196399691952253,1379,210,0.15228426395939088,28113121.0,11353017.0,0.4038333915327295,41953.0,19638.0,0.4680952494458084
1994,1998,1999,hierarchical_eb_execution,0.1,4898,848,490,313,0.36910377358490565,0.6387755102040816,0.1731318905675786,3.6895311898344243,1379,389,0.2820884699057288,28113121.0,19244183.0,0.6845267375329832,41953.0,28070.0,0.6690820680285081
1994,1998,1999,bayesian_species_child,0.05,4898,848,245,180,0.21226415094339623,0.7346938775510204,0.1731318905675786,4.243550250288795,1379,212,0.15373459028281364,28113121.0,8926522.0,0.3175215587056307,41953.0,19116.0,0.4556527542726384
1994,1998,1999,bayesian_species_child,0.1,4898,848,490,312,0.36792452830188677,0.636734693877551,0.1731318905675786,3.6777435502502884,1379,393,0.2849891225525743,28113121.0,18864338.0,0.6710154308374371,41953.0,33758.0,0.8046623602602913
1994,1998,1999,compact_lightgbm,0.05,4898,848,245,177,0.20872641509433962,0.7224489795918367,0.1731318905675786,4.1728244127839815,1379,211,0.15300942712110224,28113121.0,9986376.0,0.35522117946278536,41953.0,23868.0,0.5689223655042548
1994,1998,1999,compact_lightgbm,0.1,4898,848,490,312,0.36792452830188677,0.636734693877551,0.1731318905675786,3.6777435502502884,1379,395,0.2864394488759971,28113121.0,19020377.0,0.6765658284613792,41953.0,35151.0,0.8378661835863943
1994,1998,1999,compact_catboost,0.05,4898,848,245,177,0.20872641509433962,0.7224489795918367,0.1731318905675786,4.1728244127839815,1379,215,0.1559100797679478,28113121.0,8225302.0,0.2925787570864153,41953.0,24830.0,0.5918527876433152
1994,1998,1999,compact_catboost,0.1,4898,848,490,317,0.3738207547169811,0.6469387755102041,0.1731318905675786,3.7366817481709664,1379,402,0.2915155910079768,28113121.0,18878669.0,0.6715251928094359,41953.0,34455.0,0.8212761900221677
1995,1999,2000,hierarchical_eb_execution,0.05,5648,893,283,199,0.22284434490481522,0.7031802120141343,0.15810906515580736,4.447437667923662,1599,244,0.15259537210756724,40139573.0,20026833.0,0.4989298964391076,67445.0,43246.0,0.6412039439543331
1995,1999,2000,hierarchical_eb_execution,0.1,5648,893,565,347,0.3885778275475924,0.6141592920353982,0.15810906515580736,3.8844027787412423,1599,452,0.28267667292057536,40139573.0,29605714.0,0.7375692312421959,67445.0,48537.0,0.7196530506338498
1995,1999,2000,bayesian_species_child,0.05,5648,893,283,213,0.23852183650615902,0.7526501766784452,0.15810906515580736,4.760322729988644,1599,262,0.16385240775484677,40139573.0,19255617.0,0.47971653809072656,67445.0,44523.0,0.6601378901327007
1995,1999,2000,bayesian_species_child,0.1,5648,893,565,358,0.4008958566629339,0.6336283185840708,0.15810906515580736,4.007539466251771,1599,464,0.29018136335209505,40139573.0,30813788.0,0.767666063612585,67445.0,50292.0,0.7456742530951146
1995,1999,2000,compact_lightgbm,0.05,5648,893,283,193,0.21612541993281076,0.6819787985865724,0.15810906515580736,4.313344069895813,1599,247,0.15447154471544716,40139573.0,18106001.0,0.4510760739781661,67445.0,44805.0,0.6643190748016903
1995,1999,2000,compact_lightgbm,0.1,5648,893,565,351,0.393057110862262,0.6212389380530974,0.15810906515580736,3.9291797560177986,1599,468,0.2926829268292683,40139573.0,30702663.0,0.7648975986864633,67445.0,53298.0,0.7902439024390244
1995,1999,2000,compact_catboost,0.05,5648,893,283,196,0.21948488241881298,0.6925795053003534,0.15810906515580736,4.380390868909738,1599,253,0.158223889931207,40139573.0,18376705.0,0.4578201417339442,67445.0,44859.0,0.6651197271851138
1995,1999,2000,compact_catboost,0.1,5648,893,565,355,0.3975363941769317,0.6283185840707964,0.15810906515580736,3.9739567332943544,1599,470,0.2939337085678549,40139573.0,30697107.0,0.7647591816684248,67445.0,52630.0,0.7803395359181555
1996,2000,2001,hierarchical_eb_execution,0.05,5379,777,269,191,0.24581724581724582,0.7100371747211895,0.14445064138315672,4.9154310975872315,1404,218,0.15527065527065528,61843260.0,35133341.0,0.5681029913364851,42091.0,20578.0,0.48889311254187356
1996,2000,2001,hierarchical_eb_execution,0.1,5379,777,538,325,0.41827541827541825,0.604089219330855,0.14445064138315672,4.18197671915144,1404,405,0.28846153846153844,61843260.0,51541491.0,0.8334213138181913,42091.0,27415.0,0.6513268869829655
1996,2000,2001,bayesian_species_child,0.05,5379,777,269,202,0.25997425997426,0.7509293680297398,0.14445064138315672,5.198518752422098,1404,231,0.16452991452991453,61843260.0,38159647.0,0.6170380895185668,42091.0,20428.0,0.48532940533605756
1996,2000,2001,bayesian_species_child,0.1,5379,777,538,325,0.41827541827541825,0.604089219330855,0.14445064138315672,4.18197671915144,1404,415,0.2955840455840456,61843260.0,51895437.0,0.8391445890789069,42091.0,32542.0,0.7731343992777553
1996,2000,2001,compact_lightgbm,0.05,5379,777,269,193,0.2483912483912484,0.7174721189591078,0.14445064138315672,4.96690158028448,1404,224,0.15954415954415954,61843260.0,28172489.0,0.4555466351547444,42091.0,24526.0,0.5826898861989499
1996,2000,2001,compact_lightgbm,0.1,5379,777,538,329,0.42342342342342343,0.6115241635687733,0.14445064138315672,4.233447201848689,1404,409,0.2913105413105413,61843260.0,51615139.0,0.8346121954114321,42091.0,26394.0,0.6270699199353781
1996,2000,2001,compact_catboost,0.05,5379,777,269,199,0.25611325611325614,0.7397769516728625,0.14445064138315672,5.121313028376226,1404,229,0.1631054131054131,61843260.0,28354751.0,0.45849379544351315,42091.0,24172.0,0.5742795371932242
1996,2000,2001,compact_catboost,0.1,5379,777,538,332,0.4272844272844273,0.6171003717472119,0.14445064138315672,4.2720500638716254,1404,423,0.30128205128205127,61843260.0,53341451.0,0.8625265065263377,42091.0,28607.0,0.679646480245183
1997,2001,2002,hierarchical_eb_execution,0.05,5710,787,286,184,0.2337992376111817,0.6433566433566433,0.13782837127845884,4.667809953705761,1526,236,0.15465268676277852,38007540.0,25932474.0,0.6822981439998484,49390.0,38456.0,0.7786191536748329
1997,2001,2002,hierarchical_eb_execution,0.1,5710,787,571,322,0.409148665819568,0.563922942206655,0.13782837127845884,4.09148665819568,1526,442,0.28964613368283093,38007540.0,32820325.0,0.8635214223283064,49390.0,40657.0,0.8231828305324964
1997,2001,2002,bayesian_species_child,0.05,5710,787,286,184,0.2337992376111817,0.6433566433566433,0.13782837127845884,4.667809953705761,1526,240,0.15727391874180865,38007540.0,25766757.0,0.6779380354529654,49390.0,39482.0,0.799392589593035
1997,2001,2002,bayesian_species_child,0.1,5710,787,571,330,0.4193138500635324,0.5779334500875657,0.13782837127845884,4.193138500635325,1526,439,0.28768020969855834,38007540.0,32801623.0,0.8630293620686843,49390.0,41415.0,0.8385300668151447
1997,2001,2002,compact_lightgbm,0.05,5710,787,286,188,0.2388818297331639,0.6573426573426573,0.13782837127845884,4.7692840831341465,1526,238,0.1559633027522936,38007540.0,23701603.0,0.6236026588408511,49390.0,38648.0,0.7825065802794088
1997,2001,2002,compact_lightgbm,0.1,5710,787,571,323,0.4104193138500635,0.5656742556917689,0.13782837127845884,4.104193138500635,1526,439,0.28768020969855834,38007540.0,32767707.0,0.8621370128137733,49390.0,40608.0,0.822190726867787
1997,2001,2002,compact_catboost,0.05,5710,787,286,184,0.2337992376111817,0.6433566433566433,0.13782837127845884,4.667809953705761,1526,232,0.15203145478374835,38007540.0,24516400.0,0.6450404314512331,49390.0,38651.0,0.7825673213201053
1997,2001,2002,compact_catboost,0.1,5710,787,571,316,0.40152477763659467,0.553415061295972,0.13782837127845884,4.015247776365946,1526,444,0.290956749672346,38007540.0,32827287.0,0.8637045965090084,49390.0,40856.0,0.8272119862320307
1998,2002,2003,hierarchical_eb_execution,0.05,5953,758,298,173,0.22823218997361477,0.5805369127516778,0.1273307576012095,4.559282640647411,1481,217,0.14652261985145174,40599482.0,18965142.0,0.46712768404286537,37664.0,20217.0,0.5367725148683092
1998,2002,2003,hierarchical_eb_execution,0.1,5953,758,596,307,0.4050131926121372,0.5151006711409396,0.1273307576012095,4.045375059765189,1481,409,0.2761647535449021,40599482.0,24965532.0,0.6149224268427859,37664.0,25753.0,0.6837563721325404
1998,2002,2003,bayesian_species_child,0.05,5953,758,298,180,0.23746701846965698,0.6040268456375839,0.1273307576012095,4.743762285066671,1481,225,0.15192437542201215,40599482.0,16210226.0,0.39927174440304436,37664.0,16656.0,0.44222599830076464
1998,2002,2003,bayesian_species_child,0.1,5953,758,596,320,0.42216358839050133,0.5369127516778524,0.1273307576012095,4.21667758672593,1481,422,0.2849426063470628,40599482.0,23986798.0,0.5908153705015251,37664.0,25383.0,0.6739326677994902
1998,2002,2003,compact_lightgbm,0.05,5953,758,298,178,0.23482849604221637,0.5973154362416108,0.1273307576012095,4.691053815232597,1481,220,0.1485482781904119,40599482.0,14218219.0,0.3502069065807293,37664.0,20839.0,0.5532869583687341
1998,2002,2003,compact_lightgbm,0.1,5953,758,596,305,0.4023746701846966,0.511744966442953,0.1273307576012095,4.019020824848151,1481,404,0.27278865631330185,40599482.0,23691940.0,0.5835527655254321,37664.0,24934.0,0.6620114698385726
1998,2002,2003,compact_catboost,0.05,5953,758,298,186,0.24538258575197888,0.6241610738255033,0.1273307576012095,4.901887694568893,1481,232,0.15665091154625252,40599482.0,16802163.0,0.41385165948669,37664.0,22978.0,0.6100785896346644
1998,2002,2003,compact_catboost,0.1,5953,758,596,307,0.4050131926121372,0.5151006711409396,0.1273307576012095,4.045375059765189,1481,424,0.2862930452397029,40599482.0,25117869.0,0.6186746175727069,37664.0,26007.0,0.6905002124044181
1999,2003,2004,hierarchical_eb_execution,0.05,6550,748,328,218,0.2914438502673797,0.6646341463414634,0.11419847328244274,5.819991522107735,1400,275,0.19642857142857142,32109043.0,10341039.0,0.32206001904198767,54065.5,38966.0,0.7207183878813661
1999,2003,2004,hierarchical_eb_execution,0.1,6550,748,655,370,0.4946524064171123,0.5648854961832062,0.11419847328244274,4.946524064171124,1400,495,0.3535714285714286,32109043.0,22704476.0,0.7071053472381597,54065.5,44194.0,0.8174159121805957
1999,2003,2004,bayesian_species_child,0.05,6550,748,328,227,0.303475935828877,0.6920731707317073,0.11419847328244274,6.060266401460805,1400,278,0.19857142857142857,32109043.0,10557662.0,0.3288064985306476,54065.5,41180.0,0.7616687166492495
1999,2003,2004,bayesian_species_child,0.1,6550,748,655,373,0.49866310160427807,0.5694656488549619,0.11419847328244274,4.986631016042781,1400,501,0.3578571428571429,32109043.0,20846147.0,0.6492297824011759,54065.5,44670.0,0.8262200479048561
1999,2003,2004,compact_lightgbm,0.05,6550,748,328,223,0.29812834224598933,0.6798780487804879,0.11419847328244274,5.953477566192775,1400,278,0.19857142857142857,32109043.0,10354462.0,0.32247806326709894,54065.5,41168.0,0.7614467636477976
1999,2003,2004,compact_lightgbm,0.1,6550,748,655,371,0.4959893048128342,0.566412213740458,0.11419847328244274,4.959893048128342,1400,501,0.3578571428571429,32109043.0,22704826.0,0.7071162475941747,54065.5,44209.0,0.8176933534324107
1999,2003,2004,compact_catboost,0.05,6550,748,328,218,0.2914438502673797,0.6646341463414634,0.11419847328244274,5.819991522107735,1400,277,0.19785714285714287,32109043.0,9576700.0,0.29825554128162585,54065.5,38814.0,0.7179069831963082
1999,2003,2004,compact_catboost,0.1,6550,748,655,373,0.49866310160427807,0.5694656488549619,0.11419847328244274,4.986631016042781,1400,505,0.3607142857142857,32109043.0,22729481.0,0.7078840998157435,54065.5,44501.0,0.8230942098010746
2000,2004,2005,hierarchical_eb_execution,0.05,6927,726,347,228,0.3140495867768595,0.6570605187319885,0.10480727587700303,6.269226189058518,1354,280,0.206794682422452,92169782.0,36355660.0,0.39444229129238906,28779.0,20053.0,0.6967928003057785
2000,2004,2005,hierarchical_eb_execution,0.1,6927,726,693,381,0.5247933884297521,0.5497835497835498,0.10480727587700303,5.245662051447176,1354,490,0.361890694239291,92169782.0,63557909.0,0.6895742576455264,28779.0,24942.0,0.8666736161784635
2000,2004,2005,bayesian_species_child,0.05,6927,726,347,231,0.3181818181818182,0.6657060518731989,0.10480727587700303,6.351716007335604,1354,284,0.20974889217134415,92169782.0,41663411.0,0.45202896324524233,28779.0,19776.0,0.6871677264672157
2000,2004,2005,bayesian_species_child,0.1,6927,726,693,381,0.5247933884297521,0.5497835497835498,0.10480727587700303,5.245662051447176,1354,496,0.3663220088626292,92169782.0,65962133.0,0.7156589889731974,28779.0,25143.0,0.8736578755342437
2000,2004,2005,compact_lightgbm,0.05,6927,726,347,229,0.3154269972451791,0.659942363112392,0.10480727587700303,6.29672279515088,1354,283,0.20901033973412111,92169782.0,36250534.0,0.3933017222499235,28779.0,20053.0,0.6967928003057785
2000,2004,2005,compact_lightgbm,0.1,6927,726,693,381,0.5247933884297521,0.5497835497835498,0.10480727587700303,5.245662051447176,1354,494,0.36484490398818314,92169782.0,63628617.0,0.6903414071219134,28779.0,25073.0,0.871225546405365
2000,2004,2005,compact_catboost,0.05,6927,726,347,230,0.3168044077134986,0.6628242074927954,0.10480727587700303,6.324219401243242,1354,281,0.20753323485967504,92169782.0,38054816.0,0.41287735713642026,28779.0,19081.0,0.6630181729733486
2000,2004,2005,compact_catboost,0.1,6927,726,693,385,0.5303030303030303,0.5555555555555556,0.10480727587700303,5.3007346189164375,1354,498,0.36779911373707536,92169782.0,63638188.0,0.690445248096605,28779.0,25414.0,0.8830744640189027
2001,2005,2006,hierarchical_eb_execution,0.05,6752,696,338,210,0.3017241379310345,0.621301775147929,0.10308056872037914,6.027341358906345,1423,278,0.19536191145467321,50141733.0,21585103.0,0.4304817904877759,38892.5,30120.0,0.7744423732082021
2001,2005,2006,hierarchical_eb_execution,0.1,6752,696,676,347,0.4985632183908046,0.5133136094674556,0.10308056872037914,4.979732027477386,1423,489,0.3436401967673928,50141733.0,31063216.0,0.6195082248154447,38892.5,33661.0,0.8654882046667095
2001,2005,2006,bayesian_species_child,0.05,6752,696,338,211,0.3031609195402299,0.6242603550295858,0.10308056872037914,6.0560429844249475,1423,276,0.19395643007730148,50141733.0,27287723.0,0.5442118045660688,38892.5,29295.0,0.7532300572089734
2001,2005,2006,bayesian_species_child,0.1,6752,696,676,361,0.5186781609195402,0.5340236686390533,0.10308056872037914,5.180643406107597,1423,497,0.3492621222768798,50141733.0,31673264.0,0.6316746970033924,38892.5,33857.0,0.8705277367101626
2001,2005,2006,compact_lightgbm,0.05,6752,696,338,211,0.3031609195402299,0.6242603550295858,0.10308056872037914,6.0560429844249475,1423,286,0.20098383696416022,50141733.0,21384485.0,0.4264807720148005,38892.5,30312.0,0.7793790576589317
2001,2005,2006,compact_lightgbm,0.1,6752,696,676,355,0.5100574712643678,0.5251479289940828,0.10308056872037914,5.094538529551792,1423,494,0.3471539002108222,50141733.0,31053140.0,0.6193072744414319,38892.5,33994.0,0.8740502667609437
2001,2005,2006,compact_catboost,0.05,6752,696,338,218,0.3132183908045977,0.6449704142011834,0.10308056872037914,6.256954363055159,1423,294,0.20660576247364723,50141733.0,15334077.0,0.3058146594175355,38892.5,30130.0,0.7746994921900109
2001,2005,2006,compact_catboost,0.1,6752,696,676,358,0.514367816091954,0.5295857988165681,0.10308056872037914,5.137590967829695,1423,493,0.34645115952213634,50141733.0,31546493.0,0.629146443741783,38892.5,34101.0,0.8768014398662981
2002,2006,2007,hierarchical_eb_execution,0.05,6847,672,343,223,0.3318452380952381,0.6501457725947521,0.09814517306849715,6.624327537137304,1388,275,0.19812680115273776,46097712.0,32910723.0,0.713933980063913,60145.0,41378.0,0.6879707373846538
2002,2006,2007,hierarchical_eb_execution,0.1,6847,672,685,347,0.5163690476190477,0.5065693430656935,0.09814517306849715,5.161429005908933,1388,467,0.33645533141210376,46097712.0,38365548.0,0.8322657749260961,60145.0,49760.0,0.827333942971153
2002,2006,2007,bayesian_species_child,0.05,6847,672,343,223,0.3318452380952381,0.6501457725947521,0.09814517306849715,6.624327537137304,1388,281,0.20244956772334294,46097712.0,15373985.0,0.3335086348754142,60145.0,43815.0,0.7284894837476099
2002,2006,2007,bayesian_species_child,0.1,6847,672,685,356,0.5297619047619048,0.5197080291970803,0.09814517306849715,5.295298922488703,1388,476,0.34293948126801155,46097712.0,38590055.0,0.8371360166422143,60145.0,51034.0,0.8485160861251975
2002,2006,2007,compact_lightgbm,0.05,6847,672,343,227,0.33779761904761907,0.6618075801749271,0.09814517306849715,6.743149555740664,1388,279,0.2010086455331412,46097712.0,32333835.0,0.7014195194763679,60145.0,41325.0,0.6870895336270679
2002,2006,2007,compact_lightgbm,0.1,6847,672,685,352,0.5238095238095238,0.5138686131386861,0.09814517306849715,5.2358011817865835,1388,473,0.3407780979827089,46097712.0,38775967.0,0.8411690150695549,60145.0,50719.0,0.843278743037659
2002,2006,2007,compact_catboost,0.05,6847,672,343,223,0.3318452380952381,0.6501457725947521,0.09814517306849715,6.624327537137304,1388,277,0.19956772334293948,46097712.0,10762831.0,0.23347863772501334,60145.0,43460.0,0.7225870812203841
2002,2006,2007,compact_catboost,0.1,6847,672,685,361,0.5372023809523809,0.527007299270073,0.09814517306849715,5.369671098366354,1388,473,0.3407780979827089,46097712.0,39599897.0,0.8590425702689973,60145.0,52113.0,0.8664560645107656
2003,2007,2008,hierarchical_eb_execution,0.05,6390,628,320,210,0.3343949044585987,0.65625,0.09827856025039124,6.677448248407643,1341,258,0.19239373601789708,26687995.0,19849964.0,0.7437787664453624,43087.0,33663.0,0.7812797363473901
2003,2007,2008,hierarchical_eb_execution,0.1,6390,628,639,339,0.5398089171974523,0.5305164319248826,0.09827856025039124,5.398089171974522,1341,462,0.34451901565995524,26687995.0,22893595.0,0.8578237143704501,43087.0,37986.0,0.881611622995335
2003,2007,2008,bayesian_species_child,0.05,6390,628,320,217,0.34554140127388533,0.678125,0.09827856025039124,6.9000298566878975,1341,267,0.19910514541387025,26687995.0,20216791.0,0.7575237855073039,43087.0,33326.0,0.7734583517070114
2003,2007,2008,bayesian_species_child,0.1,6390,628,639,344,0.5477707006369427,0.5383411580594679,0.09827856025039124,5.477707006369426,1341,464,0.3460104399701715,26687995.0,22847570.0,0.8560991561936369,43087.0,38129.0,0.8849304894747836
2003,2007,2008,compact_lightgbm,0.05,6390,628,320,205,0.32643312101910826,0.640625,0.09827856025039124,6.518461385350318,1341,259,0.1931394481730052,26687995.0,19700108.0,0.738163657479702,43087.0,34018.0,0.7895188804047625
2003,2007,2008,compact_lightgbm,0.1,6390,628,639,344,0.5477707006369427,0.5383411580594679,0.09827856025039124,5.477707006369426,1341,460,0.343027591349739,26687995.0,23063388.0,0.864185863344174,43087.0,38694.0,0.8980434933970803
2003,2007,2008,compact_catboost,0.05,6390,628,320,203,0.3232484076433121,0.634375,0.09827856025039124,6.454866640127388,1341,260,0.19388516032811334,26687995.0,19420800.0,0.7276979780609222,43087.0,31401.0,0.7287813029452039
2003,2007,2008,compact_catboost,0.1,6390,628,639,345,0.5493630573248408,0.539906103286385,0.09827856025039124,5.493630573248407,1341,463,0.3452647278150634,26687995.0,23157162.0,0.8676995780312459,43087.0,39038.0,0.9060273400329566
2004,2008,2009,hierarchical_eb_execution,0.05,8623,745,432,265,0.35570469798657717,0.6134259259259259,0.08639684564536704,7.1000963211533685,1782,351,0.19696969696969696,99341094.0,84630898.0,0.8519223474627731,41477.0,25933.0,0.6252380837572631
2004,2008,2009,hierarchical_eb_execution,0.1,8623,745,863,402,0.5395973154362416,0.46581691772885286,0.08639684564536704,5.391596351108588,1782,596,0.3344556677890011,99341094.0,89916124.0,0.9051251640131928,41477.0,35840.5,0.8641054078163801
2004,2008,2009,bayesian_species_child,0.05,8623,745,432,275,0.3691275167785235,0.6365740740740741,0.08639684564536704,7.36802448421576,1782,355,0.19921436588103256,99341094.0,85418702.0,0.8598526406403376,41477.0,26032.0,0.6276249487667864
2004,2008,2009,bayesian_species_child,0.1,8623,745,863,411,0.5516778523489932,0.4762456546929316,0.08639684564536704,5.512303732103557,1782,606,0.3400673400673401,99341094.0,90937501.0,0.9154066795358625,41477.0,35769.5,0.8623936157388432
2004,2008,2009,compact_lightgbm,0.05,8623,745,432,269,0.3610738255033557,0.6226851851851852,0.08639684564536704,7.207267586378325,1782,354,0.19865319865319866,99341094.0,84286229.0,0.8484527963825322,41477.0,25918.0,0.6248764375436989
2004,2008,2009,compact_lightgbm,0.1,8623,745,863,406,0.5449664429530201,0.4704519119351101,0.08639684564536704,5.445244075995241,1782,588,0.32996632996632996,99341094.0,90175161.0,0.9077327153252409,41477.0,35387.0,0.8531716372929575
2004,2008,2009,compact_catboost,0.05,8623,745,432,265,0.35570469798657717,0.6134259259259259,0.08639684564536704,7.1000963211533685,1782,355,0.19921436588103256,99341094.0,84387010.0,0.8494672909480945,41477.0,25680.0,0.6191383176218145
2004,2008,2009,compact_catboost,0.1,8623,745,863,407,0.5463087248322148,0.4716106604866744,0.08639684564536704,5.458656007216904,1782,590,0.33108866442199775,99341094.0,90488215.0,0.910884019457245,41477.0,35167.0,0.8478674928273501
2005,2009,2010,hierarchical_eb_execution,0.05,8342,730,418,245,0.3356164383561644,0.5861244019138756,0.08750899064972428,6.6978763846103435,1674,320,0.1911589008363202,32647441.0,17069784.0,0.5228521279814856,34973.0,24392.0,0.6974523203614217
2005,2009,2010,hierarchical_eb_execution,0.1,8342,730,835,382,0.5232876712328767,0.45748502994011975,0.08750899064972428,5.227863177754081,1674,536,0.3201911589008363,32647441.0,19184492.0,0.5876262093558879,34973.0,27554.0,0.7878649243702285
2005,2009,2010,bayesian_species_child,0.05,8342,730,418,245,0.3356164383561644,0.5861244019138756,0.08750899064972428,6.6978763846103435,1674,321,0.1917562724014337,32647441.0,16857679.0,0.5163552941255029,34973.0,24583.0,0.7029136762645469
2005,2009,2010,bayesian_species_child,0.1,8342,730,835,385,0.5273972602739726,0.46107784431137727,0.08750899064972428,5.268919694856862,1674,540,0.3225806451612903,32647441.0,28328463.0,0.8677085288246634,34973.0,28533.0,0.8158579475595459
2005,2009,2010,compact_lightgbm,0.05,8342,730,418,249,0.3410958904109589,0.5956937799043063,0.08750899064972428,6.807229468440717,1674,324,0.1935483870967742,32647441.0,17167871.0,0.5258565594773569,34973.0,24264.0,0.6937923541017357
2005,2009,2010,compact_lightgbm,0.1,8342,730,835,392,0.536986301369863,0.4694610778443114,0.08750899064972428,5.364718234763351,1674,543,0.32437275985663083,32647441.0,19566884.0,0.5993389803507111,34973.0,28361.0,0.8109398678980928
2005,2009,2010,compact_catboost,0.05,8342,730,418,257,0.35205479452054794,0.6148325358851675,0.08750899064972428,7.025935636101463,1674,342,0.20430107526881722,32647441.0,17383853.0,0.532472146898129,34973.0,24496.0,0.7004260429474166
2005,2009,2010,compact_catboost,0.1,8342,730,835,389,0.5328767123287671,0.4658682634730539,0.08750899064972428,5.32366171766057,1674,533,0.3183990442054958,32647441.0,19623832.0,0.601083313084171,34973.0,28243.0,0.8075658365024447
2006,2010,2011,hierarchical_eb_execution,0.05,8464,645,424,239,0.3705426356589147,0.5636792452830188,0.07620510396975426,7.396869972210032,1682,323,0.19203329369797859,60480020.0,43613169.0,0.7211169738369796,35064.0,21092.0,0.6015286333561488
2006,2010,2011,hierarchical_eb_execution,0.1,8464,645,847,352,0.5457364341085271,0.4155844155844156,0.07620510396975426,5.453498439544951,1682,524,0.31153388822829964,60480020.0,47598225.0,0.7870074282382843,35064.0,28221.0,0.8048425735797399
2006,2010,2011,bayesian_species_child,0.05,8464,645,424,237,0.3674418604651163,0.5589622641509434,0.07620510396975426,7.334971478718736,1682,320,0.1902497027348395,60480020.0,35256182.0,0.5829393244248265,35064.0,20173.0,0.5753194159251654
2006,2010,2011,bayesian_species_child,0.1,8464,645,847,364,0.5643410852713179,0.4297520661157025,0.07620510396975426,5.639413159074892,1682,541,0.321640903686088,60480020.0,55845975.0,0.9233789109196723,35064.0,28378.0,0.8093201003878622
2006,2010,2011,compact_lightgbm,0.05,8464,645,424,228,0.35348837209302325,0.5377358490566038,0.07620510396975426,7.056428258007897,1682,319,0.1896551724137931,60480020.0,42680398.0,0.7056941780111845,35064.0,22050.0,0.6288501026694046
2006,2010,2011,compact_lightgbm,0.1,8464,645,847,359,0.5565891472868217,0.42384887839433294,0.07620510396975426,5.5619486926040835,1682,543,0.32282996432818073,60480020.0,47531212.0,0.7858994094247985,35064.0,27942.0,0.7968856947296372
2006,2010,2011,compact_catboost,0.05,8464,645,424,217,0.3364341085271318,0.5117924528301887,0.07620510396975426,6.715986543805762,1682,315,0.1872770511296076,60480020.0,42255005.0,0.6986605659191251,35064.0,18242.0,0.5202486881131645
2006,2010,2011,compact_catboost,0.1,8464,645,847,349,0.5410852713178295,0.41204250295159384,0.07620510396975426,5.407019759662465,1682,534,0.31747919143876335,60480020.0,49128112.0,0.8123031705346658,35064.0,27896.0,0.7955738078941365
2007,2011,2012,hierarchical_eb_execution,0.05,9097,776,455,237,0.30541237113402064,0.5208791208791209,0.08530284709244806,6.1062337147388694,1997,352,0.17626439659489235,35850878.0,20722446.0,0.5780178103308934,51981.0,31205.0,0.6003154998941921
2007,2011,2012,hierarchical_eb_execution,0.1,9097,776,910,399,0.5141752577319587,0.43846153846153846,0.08530284709244806,5.140057494052339,1997,632,0.3164747120681021,35850878.0,28649858.0,0.7991396472912045,51981.0,43362.0,0.8341894153633058
2007,2011,2012,bayesian_species_child,0.05,9097,776,455,239,0.3079896907216495,0.5252747252747253,0.08530284709244806,6.157763113175484,1997,353,0.17676514772158236,35850878.0,22449487.0,0.6261907170028026,51981.0,35337.0,0.6798060829918624
2007,2011,2012,bayesian_species_child,0.1,9097,776,910,401,0.5167525773195877,0.44065934065934065,0.08530284709244806,5.165822193270646,1997,631,0.3159739609414121,35850878.0,28269390.0,0.7885271317483493,51981.0,43048.0,0.8281487466574325
2007,2011,2012,compact_lightgbm,0.05,9097,776,455,244,0.31443298969072164,0.5362637362637362,0.08530284709244806,6.2865866092670215,1997,358,0.17926890335503254,35850878.0,20879292.0,0.5823927659456485,51981.0,32388.0,0.6230738154325619
2007,2011,2012,compact_lightgbm,0.1,9097,776,910,407,0.5244845360824743,0.4472527472527473,0.08530284709244806,5.2431162909255695,1997,631,0.3159739609414121,35850878.0,29249871.0,0.8158760016979222,51981.0,44645.0,0.8588715107443105
2007,2011,2012,compact_catboost,0.05,9097,776,455,238,0.30670103092783507,0.5230769230769231,0.08530284709244806,6.131998413957177,1997,349,0.17476214321482222,35850878.0,20783461.0,0.5797197212297004,51981.0,36139.0,0.6952347973297935
2007,2011,2012,compact_catboost,0.1,9097,776,910,412,0.5309278350515464,0.45274725274725275,0.08530284709244806,5.307528038971338,1997,637,0.3189784677015523,35850878.0,29237577.0,0.815533081226072,51981.0,44217.0,0.8506377330178334
2008,2012,2013,hierarchical_eb_execution,0.05,9153,748,458,273,0.3649732620320856,0.5960698689956332,0.08172183983393423,7.293887046680522,2095,371,0.17708830548926013,24268356.0,12579654.0,0.5183562495951518,60715.0,43974.0,0.7242691262455736
2008,2012,2013,hierarchical_eb_execution,0.1,9153,748,916,438,0.5855614973262032,0.4781659388646288,0.08172183983393423,5.851140158326133,2095,658,0.31408114558472555,24268356.0,16736939.0,0.6896610137085512,60715.0,50594.0,0.8333031376101457
2008,2012,2013,bayesian_species_child,0.05,9153,748,458,287,0.3836898395721925,0.6266375545851528,0.08172183983393423,7.667932536253882,2095,371,0.17708830548926013,24268356.0,13755463.0,0.5668065442916693,60715.0,41668.0,0.6862883966070987
2008,2012,2013,bayesian_species_child,0.1,9153,748,916,441,0.589572192513369,0.4814410480349345,0.08172183983393423,5.891216460780421,2095,659,0.3145584725536993,24268356.0,17466407.0,0.7197194156868311,60715.0,51265.0,0.8443547722967966
2008,2012,2013,compact_lightgbm,0.05,9153,748,458,276,0.3689839572192513,0.6026200873362445,0.08172183983393423,7.374039651589099,2095,372,0.1775656324582339,24268356.0,12439686.0,0.512588739014707,60715.0,43881.0,0.7227373795602404
2008,2012,2013,compact_lightgbm,0.1,9153,748,916,444,0.5935828877005348,0.4847161572052402,0.08172183983393423,5.93129276323471,2095,662,0.31599045346062055,24268356.0,18558586.0,0.7647236590727448,60715.0,51525.0,0.8486370748579428
2008,2012,2013,compact_catboost,0.05,9153,748,458,273,0.3649732620320856,0.5960698689956332,0.08172183983393423,7.293887046680522,2095,375,0.17899761336515513,24268356.0,11734838.0,0.48354482685188893,60715.0,43341.0,0.7138433665486288
2008,2012,2013,compact_catboost,0.1,9153,748,916,443,0.5922459893048129,0.4836244541484716,0.08172183983393423,5.917933995749947,2095,662,0.31599045346062055,24268356.0,18530928.0,0.7635839856642946,60715.0,51641.0,0.8505476406159928
2009,2013,2014,hierarchical_eb_execution,0.05,11268,703,564,271,0.38549075391180654,0.4804964539007092,0.062389066382676606,7.701613147301837,2065,408,0.19757869249394674,42299906.0,29623968.0,0.7003317690587776,44139.0,26639.0,0.6035252271234056
2009,2013,2014,hierarchical_eb_execution,0.1,11268,703,1127,420,0.5974395448079659,0.37267080745341613,0.062389066382676606,5.9733352181864765,2065,687,0.3326876513317191,42299906.0,31806052.0,0.7519177938598729,44139.0,36850.5,0.8348739210222252
2009,2013,2014,bayesian_species_child,0.05,11268,703,564,282,0.4011379800853485,0.5,0.062389066382676606,8.014224751066857,2065,405,0.19612590799031476,42299906.0,26879069.0,0.6354403955413045,44139.0,25945.0,0.5878021704161852
2009,2013,2014,bayesian_species_child,0.1,11268,703,1127,424,0.6031294452347084,0.3762200532386868,0.062389066382676606,6.030224125026348,2065,691,0.33462469733656175,42299906.0,34960690.0,0.826495690084985,44139.0,30651.0,0.6944199007680283
2009,2013,2014,compact_lightgbm,0.05,11268,703,564,278,0.39544807965860596,0.4929078014184397,0.062389066382676606,7.900547804243213,2065,409,0.1980629539951574,42299906.0,27296884.0,0.6453178406590313,44139.0,24324.0,0.5510772785971589
2009,2013,2014,compact_lightgbm,0.1,11268,703,1127,423,0.6017069701280228,0.37533274179236914,0.062389066382676606,6.0160018983163805,2065,699,0.338498789346247,42299906.0,34376844.0,0.812693153502516,44139.0,30675.0,0.6949636375994019
2009,2013,2014,compact_catboost,0.05,11268,703,564,273,0.3883357041251778,0.48404255319148937,0.062389066382676606,7.758451620713659,2065,404,0.19564164648910412,42299906.0,26757864.0,0.6325750227435494,44139.0,24519.0,0.5554951403520696
2009,2013,2014,compact_catboost,0.1,11268,703,1127,418,0.5945945945945946,0.37089618456078083,0.062389066382676606,5.944890764766541,2065,701,0.3394673123486683,42299906.0,34223314.0,0.8090635946094065,44139.0,30357.0,0.6877591245837015
2010,2014,2015,hierarchical_eb_execution,0.05,11011,685,551,277,0.4043795620437956,0.5027223230490018,0.0622105167559713,8.08098613006213,2031,401,0.19743968488429345,48838328.0,28960465.0,0.5929864142769179,34528.3,24360.0,0.705508235273674
2010,2014,2015,hierarchical_eb_execution,0.1,11011,685,1102,407,0.5941605839416059,0.36932849364791287,0.0622105167559713,5.93675334825864,2031,659,0.32447070408665685,48838328.0,39878691.0,0.8165449685337303,34528.3,27818.0,0.8056579675222932
2010,2014,2015,bayesian_species_child,0.05,11011,685,551,278,0.4058394160583942,0.5045372050816697,0.0622105167559713,8.110159365188707,2031,392,0.1930083702609552,48838328.0,28679580.0,0.5872350912586525,34528.3,23300.0,0.6748087800441955
2010,2014,2015,bayesian_species_child,0.1,11011,685,1102,417,0.6087591240875913,0.37840290381125224,0.0622105167559713,6.08261952389153,2031,669,0.3293943870014771,48838328.0,43615712.0,0.8930631695663291,34528.3,27982.0,0.8104076945577975
2010,2014,2015,compact_lightgbm,0.05,11011,685,551,278,0.4058394160583942,0.5045372050816697,0.0622105167559713,8.110159365188707,2031,402,0.19793205317577547,48838328.0,24371743.0,0.4990290208133251,34528.3,25039.0,0.72517326367067
2010,2014,2015,compact_lightgbm,0.1,11011,685,1102,406,0.5927007299270073,0.3684210526315789,0.0622105167559713,5.922166730695351,2031,661,0.3254554406696209,48838328.0,39833286.0,0.8156152684014899,34528.3,28401.0,0.8225426678985064
2010,2014,2015,compact_catboost,0.05,11011,685,551,270,0.39416058394160586,0.4900181488203267,0.0622105167559713,7.876773484176083,2031,395,0.1944854751354013,48838328.0,24185751.0,0.4952207004302031,34528.3,24542.0,0.710779273813075
2010,2014,2015,compact_catboost,0.1,11011,685,1102,409,0.5970802919708029,0.37114337568058076,0.0622105167559713,5.965926583385219,2031,672,0.3308714918759232,48838328.0,39553292.0,0.8098821892510325,34528.3,28072.0,0.8130142520772815
2011,2015,2016,hierarchical_eb_execution,0.05,10452,657,523,243,0.3698630136986301,0.4646271510516252,0.06285878300803674,7.391602713533618,1788,363,0.20302013422818793,17081036.0,7986784.0,0.46758194292196326,36783.0,20860.0,0.5671098061604546
2011,2015,2016,hierarchical_eb_execution,0.1,10452,657,1046,379,0.5768645357686454,0.36233269598470363,0.06285878300803674,5.764233391829714,1788,615,0.34395973154362414,17081036.0,12063048.0,0.7062246107320422,36783.0,24929.0,0.6777315607753582
2011,2015,2016,bayesian_species_child,0.05,10452,657,523,253,0.3850837138508371,0.4837476099426386,0.06285878300803674,7.695783895160515,1788,368,0.2058165548098434,17081036.0,8605210.0,0.5037873580970147,36783.0,21975.0,0.5974227224533072
2011,2015,2016,bayesian_species_child,0.1,10452,657,1046,388,0.5905631659056316,0.37093690248565964,0.06285878300803674,5.901114923561818,1788,618,0.34563758389261745,17081036.0,12838724.0,0.7516361419764,36783.0,26528.0,0.72120272952179
2011,2015,2016,compact_lightgbm,0.05,10452,657,523,249,0.3789954337899543,0.47609942638623326,0.06285878300803674,7.574111422509756,1788,367,0.2052572706935123,17081036.0,7895732.0,0.4622513529038871,36783.0,20763.0,0.5644727183753364
2011,2015,2016,compact_lightgbm,0.1,10452,657,1046,373,0.5677321156773212,0.3565965583173996,0.06285878300803674,5.672979037341645,1788,612,0.3422818791946309,17081036.0,11675401.0,0.6835300271014007,36783.0,24763.0,0.6732186064214447
2011,2015,2016,compact_catboost,0.05,10452,657,523,240,0.365296803652968,0.4588910133843212,0.06285878300803674,7.3003483590455485,1788,367,0.2052572706935123,17081036.0,7992752.0,0.4679313362491596,36783.0,21349.0,0.5804039909740913
2011,2015,2016,compact_catboost,0.1,10452,657,1046,371,0.5646879756468798,0.3546845124282983,0.06285878300803674,5.642560919178956,1788,628,0.3512304250559284,17081036.0,11806491.0,0.6912046201413076,36783.0,24219.0,0.658429165647174
2012,2016,2017,hierarchical_eb_execution,0.05,11128,768,557,279,0.36328125,0.5008976660682226,0.06901509705248023,7.257798473967684,1989,400,0.20110608345902464,48635398.0,38461262.0,0.7908080036684392,22349.0,9428.0,0.42185332677077275
2012,2016,2017,hierarchical_eb_execution,0.1,11128,768,1113,413,0.5377604166666666,0.3710691823899371,0.06901509705248023,5.37663784067086,1989,663,0.3333333333333333,48635398.0,42443916.0,0.872695973414261,22349.0,15862.0,0.7097409280057273
2012,2016,2017,bayesian_species_child,0.05,11128,768,557,288,0.375,0.5170556552962298,0.06901509705248023,7.491921005385996,1989,404,0.20311714429361488,48635398.0,40248089.0,0.8275472321620562,22349.0,12599.0,0.5637388697480872
2012,2016,2017,bayesian_species_child,0.1,11128,768,1113,419,0.5455729166666666,0.37646001796945194,0.06901509705248023,5.454748802036538,1989,658,0.3308195072900955,48635398.0,44246403.0,0.9097571896090991,22349.0,16300.0,0.7293391203185825
2012,2016,2017,compact_lightgbm,0.05,11128,768,557,281,0.3658854166666667,0.5044883303411131,0.06901509705248023,7.309825703171754,1989,402,0.20211161387631976,48635398.0,38366816.0,0.7888660847393497,22349.0,11616.0,0.5197547988724328
2012,2016,2017,compact_lightgbm,0.1,11128,768,1113,423,0.55078125,0.38005390835579517,0.06901509705248023,5.506822776280324,1989,674,0.33886375062845653,48635398.0,42586640.0,0.875630543827358,22349.0,15868.0,0.7100093963935746
2012,2016,2017,compact_catboost,0.05,11128,768,557,290,0.3776041666666667,0.5206463195691203,0.06901509705248023,7.543948234590067,1989,411,0.2066365007541478,48635398.0,39655793.0,0.8153689417736439,22349.0,12637.0,0.565439169537787
2012,2016,2017,compact_catboost,0.1,11128,768,1113,422,0.5494791666666666,0.37915543575920935,0.06901509705248023,5.493804282719378,1989,686,0.34489693313222725,48635398.0,42584462.0,0.8755857616298318,22349.0,15893.0,0.7111280146762718
2013,2017,2018,hierarchical_eb_execution,0.05,12760,814,638,313,0.3845208845208845,0.49059561128526646,0.06379310344827586,7.69041769041769,2199,432,0.19645293315143247,16088161.0,7708034.0,0.4791121869056382,33816.5,18147.0,0.5366315260301924
2013,2017,2018,hierarchical_eb_execution,0.1,12760,814,1276,479,0.5884520884520884,0.37539184952978055,0.06379310344827586,5.884520884520884,2199,743,0.33788085493406095,16088161.0,9987140.0,0.6207757368912457,33816.5,26990.0,0.7981310898525867
2013,2017,2018,bayesian_species_child,0.05,12760,814,638,321,0.39434889434889436,0.5031347962382445,0.06379310344827586,7.886977886977887,2199,447,0.20327421555252387,16088161.0,7739074.0,0.48104155596155457,33816.5,19547.0,0.5780314343589668
2013,2017,2018,bayesian_species_child,0.1,12760,814,1276,492,0.6044226044226044,0.38557993730407525,0.06379310344827586,6.044226044226044,2199,750,0.34106412005457026,16088161.0,10579383.0,0.6575880860466277,33816.5,27347.0,0.8086880664764242
2013,2017,2018,compact_lightgbm,0.05,12760,814,638,326,0.4004914004914005,0.5109717868338558,0.06379310344827586,8.00982800982801,2199,452,0.20554797635288768,16088161.0,7820930.0,0.48612952095643497,33816.5,17492.0,0.5172622832049444
2013,2017,2018,compact_lightgbm,0.1,12760,814,1276,479,0.5884520884520884,0.37539184952978055,0.06379310344827586,5.884520884520884,2199,748,0.34015461573442474,16088161.0,10002974.0,0.6217599388767927,33816.5,27306.0,0.8074756405896529
2013,2017,2018,compact_catboost,0.05,12760,814,638,322,0.3955773955773956,0.5047021943573667,0.06379310344827586,7.911547911547911,2199,453,0.20600272851296045,16088161.0,8052610.0,0.5005301724665734,33816.5,17580.0,0.5198645631570388
2013,2017,2018,compact_catboost,0.1,12760,814,1276,483,0.5933660933660934,0.3785266457680251,0.06379310344827586,5.933660933660933,2199,757,0.3442473851750796,16088161.0,9933278.0,0.6174278091821682,33816.5,27230.0,0.8052282169946624
2014,2018,2019,hierarchical_eb_execution,0.05,13667,863,684,334,0.3870220162224797,0.48830409356725146,0.06314480134630862,7.733084642854723,2426,489,0.2015663643858203,28406701.0,9597791.0,0.33787066650224534,20455.120000000003,8907.75,0.43547776791336346
2014,2018,2019,hierarchical_eb_execution,0.1,13667,863,1367,513,0.5944380069524913,0.37527432333577176,0.06314480134630862,5.9430755237890995,2426,793,0.3268755152514427,28406701.0,18764328.0,0.6605599150707433,20455.120000000003,15557.100000000002,0.7605479703858985
2014,2018,2019,bayesian_species_child,0.05,13667,863,684,350,0.4055619930475087,0.5116959064327485,0.06314480134630862,8.10353181137471,2426,490,0.2019785655399835,28406701.0,9669108.0,0.340381236103411,20455.120000000003,10334.8,0.5052426971829057
2014,2018,2019,bayesian_species_child,0.1,13667,863,1367,517,0.5990730011587485,0.37820043891733723,0.06314480134630862,5.989415293955097,2426,810,0.33388293487221765,28406701.0,20776418.0,0.7313914417587597,20455.120000000003,14824.390000000001,0.7247275987625592
2014,2018,2019,compact_lightgbm,0.05,13667,863,684,341,0.3951332560834299,0.49853801169590645,0.06314480134630862,7.895155279082218,2426,488,0.20115416323165705,28406701.0,8491405.0,0.2989226028041764,20455.120000000006,9592.55,0.46895593865985613
2014,2018,2019,compact_lightgbm,0.1,13667,863,1367,522,0.6048667439165701,0.38185808339429406,0.06314480134630862,6.047340006662592,2426,804,0.3314097279472383,28406701.0,19121991.0,0.6731507118690059,20455.120000000006,15635.500000000002,0.7643807516162211
2014,2018,2019,compact_catboost,0.05,13667,863,684,344,0.3986095017381228,0.5029239766081871,0.06314480134630862,7.9646141231797145,2426,485,0.19991755976916736,28406701.0,15956992.0,0.5617333741077501,20455.120000000003,11083.55,0.541847224557959
2014,2018,2019,compact_catboost,0.1,13667,863,1367,521,0.6037079953650057,0.3811265544989027,0.06314480134630862,6.035755064121093,2426,815,0.3359439406430338,28406701.0,22315688.0,0.7855783042177267,20455.120000000003,15863.79,0.7755412825737517
2015,2019,2020,hierarchical_eb_execution,0.05,8269,558,414,209,0.37455197132616486,0.5048309178743962,0.0674809529568267,7.481087562550864,1639,295,0.17998779743746188,16561824.0,10738023.0,0.6483599270225309,18310.89999999999,12070.9,0.6592193720680035
2015,2019,2020,hierarchical_eb_execution,0.1,8269,558,827,320,0.5734767025089605,0.38694074969770254,0.0674809529568267,5.734073582885847,1639,502,0.3062843197071385,16561824.0,14116551.0,0.8523548493209444,18310.89999999999,13251.32,0.7236847997640753
2015,2019,2020,bayesian_species_child,0.05,8269,558,414,213,0.3817204301075269,0.5144927536231884,0.0674809529568267,7.62426627188198,1639,301,0.18364856619890177,16561824.0,10793806.0,0.651728094683291,18310.89999999999,11898.9,0.6498260598878267
2015,2019,2020,bayesian_species_child,0.1,8269,558,827,321,0.5752688172043011,0.38814993954050786,0.0674809529568267,5.751992562832365,1639,506,0.3087248322147651,16561824.0,14158377.0,0.8548802957935068,18310.89999999999,13263.52,0.7243510695815065
2015,2019,2020,compact_lightgbm,0.05,8269,558,414,211,0.3781362007168459,0.5096618357487923,0.0674809529568267,7.552676917216423,1639,299,0.18242830994508846,16561824.0,10584599.0,0.6390962130741155,18310.89999999999,11891.9,0.6494437739270056
2015,2019,2020,compact_lightgbm,0.1,8269,558,827,315,0.5645161290322581,0.3808948004836759,0.0674809529568267,5.644478683153255,1639,503,0.3068944478340451,16561824.0,12304441.0,0.7429399684479198,18310.89999999999,13477.32,0.7360271750705867
2015,2019,2020,compact_catboost,0.05,8269,558,414,210,0.3763440860215054,0.5072463768115942,0.0674809529568267,7.5168822398836435,1639,295,0.17998779743746188,16561824.0,10652753.0,0.6432113395239558,18310.89999999999,11940.9,0.6521197756527536
2015,2019,2020,compact_catboost,0.1,8269,558,827,315,0.5645161290322581,0.3808948004836759,0.0674809529568267,5.644478683153255,1639,504,0.3075045759609518,16561824.0,12613138.0,0.7615790386372902,18310.89999999999,13606.32,0.7430721592057193
2016,2020,2021,hierarchical_eb_execution,0.05,11800,753,590,318,0.42231075697211157,0.5389830508474577,0.06381355932203389,8.446215139442232,2042,401,0.19637610186092067,46470214.0,40096409.0,0.8628410663226126,37147.68000000003,24023.149999999998,0.6466931447670481
2016,2020,2021,hierarchical_eb_execution,0.1,11800,753,1180,452,0.600265604249668,0.38305084745762713,0.06381355932203389,6.002656042496681,2042,674,0.33006856023506365,46470214.0,41864222.0,0.9008829182495265,37147.68000000003,28430.6,0.7653398543327599
2016,2020,2021,bayesian_species_child,0.05,11800,753,590,320,0.4249667994687915,0.5423728813559322,0.06381355932203389,8.499335989375831,2042,413,0.20225269343780608,46470214.0,39140409.0,0.8422687487516197,37147.68000000002,23959.149999999998,0.6449702915498352
2016,2020,2021,bayesian_species_child,0.1,11800,753,1180,474,0.6294820717131474,0.4016949152542373,0.06381355932203389,6.294820717131475,2042,693,0.3393731635651322,46470214.0,43094107.0,0.9273490111321631,37147.68000000002,28481.15,0.7667006391785431
2016,2020,2021,compact_lightgbm,0.05,11800,753,590,319,0.42363877822045154,0.5406779661016949,0.06381355932203389,8.472775564409032,2042,407,0.19931439764936337,46470214.0,39884380.0,0.8582783802114619,37147.68000000002,23801.949999999997,0.6407385333350557
2016,2020,2021,compact_lightgbm,0.1,11800,753,1180,449,0.5962815405046481,0.3805084745762712,0.06381355932203389,5.962815405046482,2042,672,0.32908912830558273,46470214.0,41796226.0,0.8994197014027093,37147.68000000002,28498.399999999998,0.767165001959745
2016,2020,2021,compact_catboost,0.05,11800,753,590,318,0.42231075697211157,0.5389830508474577,0.06381355932203389,8.446215139442232,2042,408,0.19980411361410383,46470214.0,39199393.0,0.8435380349227571,37147.68000000003,25023.149999999998,0.6736127262860017
2016,2020,2021,compact_catboost,0.1,11800,753,1180,447,0.5936254980079682,0.3788135593220339,0.06381355932203389,5.936254980079682,2042,675,0.3305582761998041,46470214.0,41761446.0,0.8986712649956808,37147.68000000003,28174.999999999996,0.7584592092965152
2017,2021,2022,hierarchical_eb_execution,0.05,13370,776,669,306,0.3943298969072165,0.45739910313901344,0.058040388930441285,7.88070361980491,2296,462,0.20121951219512196,40360258.0,33377127.0,0.8269800207917403,26256.22,17619.199999999997,0.6710486124811567
2017,2021,2022,hierarchical_eb_execution,0.1,13370,776,1337,435,0.5605670103092784,0.32535527299925204,0.058040388930441285,5.605670103092783,2296,747,0.32534843205574915,40360258.0,35873637.0,0.8888356709711815,26256.22,20146.2,0.7672924739356998
2017,2021,2022,bayesian_species_child,0.05,13370,776,669,314,0.40463917525773196,0.4693572496263079,0.058040388930441285,8.086735086989352,2296,467,0.203397212543554,40360258.0,30702162.0,0.7607028181038883,26256.220000000005,17986.699999999997,0.6850452959336871
2017,2021,2022,bayesian_species_child,0.1,13370,776,1337,444,0.5721649484536082,0.33208676140613314,0.058040388930441285,5.721649484536083,2296,750,0.32665505226480834,40360258.0,35997549.0,0.8919058198290011,26256.220000000005,20053.15,0.7637485517717325
2017,2021,2022,compact_lightgbm,0.05,13370,776,669,314,0.40463917525773196,0.4693572496263079,0.058040388930441285,8.086735086989352,2296,482,0.20993031358885017,40360258.0,33368885.0,0.8267758100059717,26256.22,17883.699999999997,0.681122415945631
2017,2021,2022,compact_lightgbm,0.1,13370,776,1337,436,0.5618556701030928,0.3261032161555722,0.058040388930441285,5.618556701030928,2296,757,0.3297038327526132,40360258.0,35724236.0,0.8851339850206111,26256.22,20285.45,0.7725959791622709
2017,2021,2022,compact_catboost,0.05,13370,776,669,302,0.38917525773195877,0.4514200298953662,0.058040388930441285,7.777687886212689,2296,467,0.203397212543554,40360258.0,34202461.0,0.8474291963148501,26256.22,17412.45,0.6631742878449373
2017,2021,2022,compact_catboost,0.1,13370,776,1337,437,0.5631443298969072,0.3268511593118923,0.058040388930441285,5.631443298969073,2296,753,0.3279616724738676,40360258.0,36036857.0,0.8928797481918971,26256.22,21218.0,0.8081132775395696
2018,2022,2023,hierarchical_eb_execution,0.05,15753,810,788,343,0.42345679012345677,0.4352791878172589,0.051418777375737953,8.465374130475654,2769,529,0.19104369808595162,40719672.0,34456610.0,0.8461907551711124,31955.110000000008,19584.170000000002,0.6128650472490941
2018,2022,2023,hierarchical_eb_execution,0.1,15753,810,1576,478,0.5901234567901235,0.3032994923857868,0.051418777375737953,5.898613461176913,2769,855,0.3087757313109426,40719672.0,36282064.0,0.891020536707663,31955.110000000008,24750.370000000003,0.7745355907083404
2018,2022,2023,bayesian_species_child,0.05,15753,810,788,344,0.4246913580246914,0.4365482233502538,0.051418777375737953,8.490054521526602,2769,530,0.19140483929216323,40719672.0,34429285.0,0.8455197035968266,31955.110000000008,19509.170000000002,0.6105180047885924
2018,2022,2023,bayesian_species_child,0.1,15753,810,1576,490,0.6049382716049383,0.31091370558375636,0.051418777375737953,6.04669580748261,2769,855,0.3087757313109426,40719672.0,35332191.0,0.8676934087288326,31955.110000000008,24555.870000000006,0.768448927260773
2018,2022,2023,compact_lightgbm,0.05,15753,810,788,344,0.4246913580246914,0.4365482233502538,0.051418777375737953,8.490054521526602,2769,532,0.19212712170458648,40719672.0,34372869.0,0.8441342307472418,31955.11000000001,19699.670000000002,0.6164794926382664
2018,2022,2023,compact_lightgbm,0.1,15753,810,1576,489,0.6037037037037037,0.3102791878172589,0.051418777375737953,6.034355611957135,2769,867,0.3131094257854821,40719672.0,36251018.0,0.8902581042401324,31955.11000000001,24811.57,0.7764507773561096
2018,2022,2023,compact_catboost,0.05,15753,810,788,349,0.4308641975308642,0.44289340101522845,0.051418777375737953,8.61345647678135,2769,553,0.1997110870350307,40719672.0,34540721.0,0.8482563661121828,31955.11000000001,20511.370000000003,0.6418807508407887
2018,2022,2023,compact_catboost,0.1,15753,810,1576,488,0.6024691358024692,0.3096446700507614,0.051418777375737953,6.0220154164316595,2769,859,0.3102202961357891,40719672.0,36118701.0,0.8870086428986953,31955.11000000001,22804.07,0.7136282741633495
2019,2023,2024,hierarchical_eb_execution,0.05,17957,889,898,381,0.42857142857142855,0.4242761692650334,0.049507155983738935,8.56999681832644,3132,594,0.1896551724137931,36211915.0,28362124.0,0.783226294439275,34524.35000000002,26926.839999999997,0.7799376382176632
2019,2023,2024,hierarchical_eb_execution,0.1,17957,889,1796,523,0.5883014623172104,0.29120267260579064,0.049507155983738935,5.882031936987832,3132,925,0.295338441890166,36211915.0,31491595.0,0.8696473246443884,34524.35000000002,28361.94,0.8215054012602694
2019,2023,2024,bayesian_species_child,0.05,17957,889,898,395,0.44431946006749157,0.4398663697104677,0.049507155983738935,8.88490483789749,3132,594,0.1896551724137931,36211915.0,28871275.0,0.7972866113266862,34524.35000000001,26983.64,0.7815828538408396
2019,2023,2024,bayesian_species_child,0.1,17957,889,1796,530,0.5961754780652418,0.2951002227171492,0.049507155983738935,5.960758941880593,3132,913,0.29150702426564495,36211915.0,31314686.0,0.8647619436862148,34524.35000000001,29049.14,0.8414101930955974
2019,2023,2024,compact_lightgbm,0.05,17957,889,898,388,0.4364454443194601,0.43207126948775054,0.049507155983738935,8.727450828111964,3132,584,0.18646232439335889,36211915.0,29223475.0,0.8070126918170442,34524.35000000002,26913.239999999998,0.7795437133501422
2019,2023,2024,compact_lightgbm,0.1,17957,889,1796,528,0.59392575928009,0.29398663697104677,0.049507155983738935,5.938265511911234,3132,934,0.29821200510855683,36211915.0,31632260.0,0.8735318195682278,34524.35000000002,28476.840000000004,0.8248334870895465
2019,2023,2024,compact_catboost,0.05,17957,889,898,391,0.4398200224971879,0.4354120267260579,0.049507155983738935,8.794931118020045,3132,597,0.19061302681992337,36211915.0,29217082.0,0.8068361477154687,34524.35000000002,26789.489999999998,0.7759592867063386
2019,2023,2024,compact_catboost,0.1,17957,889,1796,527,0.592800899887514,0.29342984409799555,0.049507155983738935,5.9270187969265535,3132,933,0.2978927203065134,36211915.0,31079050.0,0.8582548037020412,34524.35000000002,28345.14,0.8210187881886258
2020,2024,2025,hierarchical_eb_execution,0.05,19970,954,999,404,0.42348008385744235,0.4044044044044044,0.047771657486229344,8.465362637270394,3346,630,0.18828451882845187,23641307.0,14784895.0,0.6253839942097956,30998.660000000025,17831.789999999997,0.5752438976394458
2020,2024,2025,hierarchical_eb_execution,0.1,19970,954,1997,566,0.5932914046121593,0.28342513770655986,0.047771657486229344,5.932914046121594,3346,997,0.29796772265391513,23641307.0,16383153.0,0.6929884629475012,30998.660000000025,20821.49,0.6716900020839606
2020,2024,2025,bayesian_species_child,0.05,19970,954,999,405,0.42452830188679247,0.40540540540540543,0.047771657486229344,8.48631650518443,3346,626,0.18708906156604901,23641307.0,13959295.0,0.5904620670929911,30998.660000000025,17500.089999999997,0.5645434351033233
2020,2024,2025,bayesian_species_child,0.1,19970,954,1997,573,0.60062893081761,0.28693039559339006,0.047771657486229344,6.0062893081761,3346,994,0.29707112970711297,23641307.0,16304310.0,0.6896534950457688,30998.660000000025,20867.84,0.6731852280066294
2020,2024,2025,compact_lightgbm,0.05,19970,954,999,402,0.42138364779874216,0.4024024024024024,0.047771657486229344,8.423454901442323,3346,635,0.18977884040645546,23641307.0,12414192.0,0.5251059935053506,30998.660000000025,17807.249999999996,0.5744522505166346
2020,2024,2025,compact_lightgbm,0.1,19970,954,1997,556,0.5828092243186582,0.2784176264396595,0.047771657486229344,5.828092243186584,3346,1000,0.2988643156007173,23641307.0,16347699.0,0.6914887996674633,30998.660000000025,20769.49,0.6700125102181831
2020,2024,2025,compact_catboost,0.05,19970,954,999,401,0.42033542976939203,0.4014014014014014,0.047771657486229344,8.402501033528287,3346,637,0.1903765690376569,23641307.0,12333742.0,0.5217030513583704,30998.660000000025,17774.649999999998,0.5734005921546281
2020,2024,2025,compact_catboost,0.1,19970,954,1997,548,0.5744234800838575,0.27441161742613923,0.047771657486229344,5.744234800838575,3346,990,0.2958756724447101,23641307.0,16385833.0,0.6931018238543242,30998.660000000025,20862.840000000004,0.6730239307118433


