test_year,candidate_rule,candidate_share,candidate_units,damage_rate,damage_lift,damage_capture,cost_capture,aos_capture
1995,Boundary-certificate expansion,0.005,13,0.7692307692307693,3.3660387231815805,0.017006802721088437,0.25938608475390595,0.0011966276856132717
1995,Boundary-excess expansion,0.005,13,0.7692307692307693,3.3660387231815805,0.017006802721088437,0.26105550444661013,0.0011966276856132717
1995,Posterior-mean expansion,0.005,13,0.7692307692307693,3.3660387231815805,0.017006802721088437,0.0020867746158801767,0.23617079140603753
1995,Random unselected expansion,0.005,13,0.20230769230769233,0.8852681841967557,0.004472789115646258,0.011700755728888616,0.00921104161000816
1995,Boundary-certificate expansion,0.01,26,0.7692307692307693,3.3660387231815805,0.034013605442176874,0.2625162466777262,0.2362795757410933
1995,Boundary-excess expansion,0.01,26,0.7692307692307693,3.3660387231815805,0.034013605442176874,0.26105550444661013,0.0018493336959477834
1995,Posterior-mean expansion,0.01,26,0.7692307692307693,3.3660387231815805,0.034013605442176874,0.038196322569070754,0.24117487081860212
1995,Random unselected expansion,0.01,26,0.1980769230769231,0.866754971219257,0.008758503401360545,0.016806935568509603,0.012791677998368237
1995,Boundary-certificate expansion,0.02,52,0.6923076923076923,3.029434850863422,0.061224489795918366,0.2888596894285976,0.2522708729942888
1995,Boundary-excess expansion,0.02,52,0.6923076923076923,3.029434850863422,0.061224489795918366,0.2888596894285976,0.2522708729942888
1995,Posterior-mean expansion,0.02,52,0.6730769230769231,2.945283882783883,0.05952380952380952,0.29670596198430704,0.24400326353005167
1995,Random unselected expansion,0.02,52,0.19673076923076924,0.8608644034536894,0.01739795918367347,0.033659813210925045,0.030102529235790047
1995,Boundary-certificate expansion,0.05,129,0.6666666666666666,2.9172335600907027,0.14625850340136054,0.4219157026130572,0.3531139515909709
1995,Boundary-excess expansion,0.05,129,0.6356589147286822,2.781548278226019,0.13945578231292516,0.31599102311097943,0.3465868914876258
1995,Posterior-mean expansion,0.05,129,0.5736434108527132,2.5101777144966517,0.12585034013605442,0.3222793947918457,0.27413652434049496
1995,Random unselected expansion,0.05,129,0.2012015503875969,0.8804278726994675,0.044141156462585034,0.10265309409335971,0.09329752515637749
1996,Boundary-certificate expansion,0.005,13,0.46153846153846156,2.029647435897436,0.010416666666666666,0.003978002592805261,0.0014167172637117992
1996,Boundary-excess expansion,0.005,13,0.38461538461538464,1.6913728632478633,0.008680555555555556,0.0011365721693729319,0.002226269985832827
1996,Posterior-mean expansion,0.005,13,0.46153846153846156,2.029647435897436,0.010416666666666666,0.003978002592805261,0.0014167172637117992
1996,Random unselected expansion,0.005,13,0.19576923076923078,0.8609087873931623,0.004418402777777778,0.009177723148482498,0.003789718680429063
1996,Boundary-certificate expansion,0.01,26,0.5384615384615384,2.3679220085470085,0.024305555555555556,0.006061718236655637,0.03865614248127909
1996,Boundary-excess expansion,0.01,26,0.5384615384615384,2.3679220085470085,0.024305555555555556,0.009902366526765682,0.1139445456385347
1996,Posterior-mean expansion,0.01,26,0.5384615384615384,2.3679220085470085,0.024305555555555556,0.006061718236655637,0.03865614248127909
1996,Random unselected expansion,0.01,26,0.19423076923076923,0.854143295940171,0.008767361111111111,0.014632147603431027,0.011980874316939892
1996,Boundary-certificate expansion,0.02,51,0.6274509803921569,2.759259259259259,0.05555555555555555,0.013558303340456641,0.15677494434325034
1996,Boundary-excess expansion,0.02,51,0.6078431372549019,2.673032407407407,0.05381944444444445,0.013558303340456641,0.15674964582068407
1996,Posterior-mean expansion,0.02,51,0.5490196078431373,2.414351851851852,0.04861111111111111,0.01946851561898786,0.3100839910949201
1996,Random unselected expansion,0.02,51,0.1961764705882353,0.8626996527777777,0.017369791666666665,0.037524738573601925,0.024952059299736894
1996,Boundary-certificate expansion,0.05,127,0.5905511811023622,2.596989829396325,0.13020833333333334,0.03685803281260174,0.46172333535721516
1996,Boundary-excess expansion,0.05,127,0.5748031496062992,2.52773676727909,0.1267361111111111,0.03534260325343783,0.4192218174458612
1996,Posterior-mean expansion,0.05,127,0.6062992125984252,2.6662428915135608,0.13368055555555555,0.3347718383166893,0.33674863387978143
1996,Random unselected expansion,0.05,127,0.19661417322834648,0.8646244805336833,0.04335069444444445,0.08682319754157072,0.05764622546043311
1997,Boundary-certificate expansion,0.005,17,0.7647058823529411,3.540991860367542,0.018544935805991442,0.04872004652793646,0.06312680149598608
1997,Boundary-excess expansion,0.005,17,0.8235294117647058,3.813375849626584,0.019971469329529243,0.05781480161673018,0.09199838014245218
1997,Posterior-mean expansion,0.005,17,0.7058823529411765,3.2686078711085007,0.017118402282453638,0.04700401989836067,0.05740965720955716
1997,Random unselected expansion,0.005,17,0.18941176470588236,0.8770764454141144,0.004593437945791726,0.0047398135919063285,0.006988613354296196
1997,Boundary-certificate expansion,0.01,33,0.7575757575757576,3.5079756192452343,0.03566333808844508,0.0619850001491706,0.12048881583648967
1997,Boundary-excess expansion,0.01,33,0.7575757575757576,3.5079756192452343,0.03566333808844508,0.0619850001491706,0.12048881583648967
1997,Posterior-mean expansion,0.01,33,0.7272727272727273,3.367656594475425,0.034236804564907276,0.0619850001491706,0.12048881583648967
1997,Random unselected expansion,0.01,33,0.1915151515151515,0.8868162365451953,0.009015691868758917,0.012648845177068817,0.015988351318516402
1997,Boundary-certificate expansion,0.02,65,0.6461538461538462,2.9920333589377814,0.05991440798858773,0.06263689890479547,0.2627027799614093
1997,Boundary-excess expansion,0.02,65,0.6,2.7783166904422254,0.05563480741797432,0.07142972473606606,0.27127849639105267
1997,Posterior-mean expansion,0.02,65,0.6307692307692307,2.9207944694392625,0.05848787446504993,0.06407691009956688,0.16755997046142118
1997,Random unselected expansion,0.02,65,0.1897692307692308,0.8787317019642269,0.017596291012838803,0.02276762051904324,0.03326401295886038
1997,Boundary-certificate expansion,0.05,163,0.5828220858895705,2.69877388130891,0.1355206847360913,0.25103264922391755,0.38150027394649705
1997,Boundary-excess expansion,0.05,163,0.588957055214724,2.7271820274279515,0.1369472182596291,0.11719346921168756,0.380499773696372
1997,Posterior-mean expansion,0.05,163,0.6257668711656442,2.8976309041421984,0.14550641940085593,0.24698530878944375,0.22527930631982657
1997,Random unselected expansion,0.05,163,0.18536809815950922,0.8583521349868286,0.04310271041369473,0.05770898916622807,0.07680209152195144
1998,Boundary-certificate expansion,0.005,17,0.6470588235294118,3.0088235294117647,0.015277777777777777,0.0032350046736859804,0.029994381161567146
1998,Boundary-excess expansion,0.005,17,0.6470588235294118,3.0088235294117647,0.015277777777777777,0.0032350046736859804,0.029994381161567146
1998,Posterior-mean expansion,0.005,17,0.5882352941176471,2.735294117647059,0.013888888888888888,0.004477077588524817,0.08883894365837462
1998,Random unselected expansion,0.005,17,0.1858823529411765,0.8643529411764704,0.004388888888888889,0.010887309524778541,0.010832354293303365
1998,Boundary-certificate expansion,0.01,34,0.6470588235294118,3.0088235294117647,0.030555555555555555,0.02784003650879327,0.14310670684987487
1998,Boundary-excess expansion,0.01,34,0.6176470588235294,2.8720588235294118,0.029166666666666667,0.03280299062527313,0.1427797926137815
1998,Posterior-mean expansion,0.01,34,0.6470588235294118,3.0088235294117647,0.030555555555555555,0.0069283174663751475,0.17710578740358585
1998,Random unselected expansion,0.01,34,0.1805882352941176,0.839735294117647,0.008527777777777778,0.015620806943075773,0.02692496296674669
1998,Boundary-certificate expansion,0.02,67,0.7014925373134329,3.261940298507463,0.06527777777777778,0.11793589210690832,0.396383511263217
1998,Boundary-excess expansion,0.02,67,0.6865671641791045,3.192537313432836,0.06388888888888888,0.091798211522821,0.3277315216836083
1998,Posterior-mean expansion,0.02,67,0.6567164179104478,3.053731343283582,0.06111111111111111,0.1194297369191836,0.3305920212494253
1998,Random unselected expansion,0.02,67,0.17925373134328357,0.8335298507462687,0.016680555555555556,0.03187552369635519,0.04361051233590438
1998,Boundary-certificate expansion,0.05,168,0.6369047619047619,2.9616071428571424,0.1486111111111111,0.2561658961701128,0.5673596567400521
1998,Boundary-excess expansion,0.05,168,0.625,2.90625,0.14583333333333334,0.2561658961701128,0.5673596567400521
1998,Posterior-mean expansion,0.05,168,0.625,2.90625,0.14583333333333334,0.1327214196262786,0.36937222250600193
1998,Random unselected expansion,0.05,168,0.18491071428571432,0.8598348214285714,0.043145833333333335,0.08925267487625241,0.11411620779486131
1999,Boundary-certificate expansion,0.005,25,0.44,2.5414150943396225,0.012971698113207548,0.02098617937154683,0.022525206779014612
1999,Boundary-excess expansion,0.005,25,0.52,3.003490566037736,0.015330188679245283,0.022357780909490626,0.07496484160846661
1999,Posterior-mean expansion,0.005,25,0.56,3.2345283018867925,0.01650943396226415,0.077277225819218,0.15088313112292326
1999,Random unselected expansion,0.005,25,0.1452,0.8386669811320755,0.00428066037735849,0.009382396924197779,0.011407050747264797
1999,Boundary-certificate expansion,0.01,49,0.5714285714285714,3.3005390835579513,0.0330188679245283,0.09023242207793293,0.2600767525564322
1999,Boundary-excess expansion,0.01,49,0.5918367346938775,3.418415479399307,0.03419811320754717,0.08984288866398008,0.23829046790455988
1999,Posterior-mean expansion,0.01,49,0.5714285714285714,3.3005390835579513,0.0330188679245283,0.130332203244172,0.25473744428288797
1999,Random unselected expansion,0.01,49,0.14459183673469386,0.8351542645360029,0.008354952830188679,0.012617080294998195,0.018246490119896076
1999,Boundary-certificate expansion,0.02,98,0.6224489795918368,3.59523007316134,0.07193396226415094,0.23678484505509012,0.41670440731294545
1999,Boundary-excess expansion,0.02,98,0.5918367346938775,3.418415479399307,0.06839622641509434,0.23186191245006202,0.41572712320930566
1999,Posterior-mean expansion,0.02,98,0.5408163265306123,3.1237244897959187,0.0625,0.2834038241431821,0.2604581317188282
1999,Random unselected expansion,0.02,98,0.14602040816326528,0.8434056122448979,0.016875,0.02714912531411934,0.036439348795080206
1999,Boundary-certificate expansion,0.05,245,0.5510204081632653,3.1826626877165958,0.15919811320754718,0.3526741125611774,0.692632231306462
1999,Boundary-excess expansion,0.05,245,0.5510204081632653,3.1826626877165958,0.15919811320754718,0.3526741125611774,0.692632231306462
1999,Posterior-mean expansion,0.05,245,0.5510204081632653,3.1826626877165958,0.15919811320754718,0.4765645194640609,0.424498843944414
1999,Random unselected expansion,0.05,245,0.14602040816326534,0.8434056122448979,0.0421875,0.0702530878730967,0.09310228112411507
2000,Boundary-certificate expansion,0.005,29,0.5862068965517241,3.707610920183805,0.019036954087346025,0.032495985943846485,0.14263473941730298
2000,Boundary-excess expansion,0.005,29,0.5862068965517241,3.707610920183805,0.019036954087346025,0.024716805034273783,0.14598561791089035
2000,Posterior-mean expansion,0.005,29,0.4827586206896552,3.053326640151369,0.015677491601343786,0.05138315746408164,0.11541255838090296
2000,Random unselected expansion,0.005,29,0.12879310344827588,0.814583928640383,0.004182530795072788,0.004741680859435151,0.007859589294981095
2000,Boundary-certificate expansion,0.01,57,0.49122807017543857,3.1068937741891123,0.03135498320268757,0.05942360174085559,0.16176143524353176
2000,Boundary-excess expansion,0.01,57,0.5263157894736842,3.328814758059763,0.0335946248600224,0.038543235126093645,0.15059678256357031
2000,Posterior-mean expansion,0.01,57,0.5087719298245614,3.217854266124438,0.032474804031354984,0.09515118658586627,0.12159537400845133
2000,Random unselected expansion,0.01,57,0.12859649122807018,0.8133404058859355,0.00820828667413214,0.010510133104804078,0.013143672622136554
2000,Boundary-certificate expansion,0.02,113,0.49557522123893805,3.1343884093589276,0.06270996640537514,0.10584831084276855,0.22115798057676625
2000,Boundary-excess expansion,0.02,113,0.49557522123893805,3.1343884093589276,0.06270996640537514,0.08718989113312192,0.22176588331232858
2000,Posterior-mean expansion,0.02,113,0.5309734513274337,3.358273295741708,0.0671892497200448,0.10764404494287969,0.1906590555267255
2000,Random unselected expansion,0.02,113,0.12951327433628318,0.8191388280529982,0.01638857782754759,0.023757647098039635,0.02620283193713396
2000,Boundary-certificate expansion,0.05,283,0.5229681978798587,3.3076420846869454,0.16573348264277715,0.17424475342575269,0.3429757580250575
2000,Boundary-excess expansion,0.05,283,0.49823321554770317,3.1511995536544544,0.15789473684210525,0.17246765430215213,0.3417896063459115
2000,Posterior-mean expansion,0.05,283,0.5229681978798587,3.3076420846869454,0.16573348264277715,0.2886738232118214,0.24944769812439765
2000,Random unselected expansion,0.05,283,0.12881625441696115,0.8147303526842066,0.04082306830907055,0.05086586272355215,0.06154555563792719
2001,Boundary-certificate expansion,0.005,27,0.5555555555555556,3.8459888459888463,0.019305019305019305,0.0313240278730455,0.023686773894656815
2001,Boundary-excess expansion,0.005,27,0.5185185185185185,3.5895895895895893,0.018018018018018018,0.03160253841728266,0.15160010453541137
2001,Posterior-mean expansion,0.005,27,0.6666666666666666,4.615186615186615,0.023166023166023165,0.03129469565478922,0.07500415765840679
2001,Random unselected expansion,0.005,27,0.12111111111111109,0.8384255684255684,0.004208494208494208,0.007387861587503635,0.005001069112161745
2001,Boundary-certificate expansion,0.01,54,0.5925925925925926,4.102388102388102,0.04118404118404118,0.033975666871377735,0.19087215794350337
2001,Boundary-excess expansion,0.01,54,0.6481481481481481,4.486986986986987,0.04504504504504504,0.033975666871377735,0.18621558052790382
2001,Posterior-mean expansion,0.01,54,0.5925925925925926,4.102388102388102,0.04118404118404118,0.04018235778644269,0.08764343921503409
2001,Random unselected expansion,0.01,54,0.11324074074074073,0.7839407264407263,0.00787001287001287,0.010472774074329201,0.01113112066712599
2001,Boundary-certificate expansion,0.02,108,0.5740740740740741,3.974188474188474,0.07979407979407979,0.05456660919880356,0.28887410610344255
2001,Boundary-excess expansion,0.02,108,0.5833333333333334,4.038288288288289,0.08108108108108109,0.05455930039910574,0.2886365256230548
2001,Posterior-mean expansion,0.02,108,0.5370370370370371,3.717789217789218,0.07464607464607464,0.2826741345782871,0.09408187023354161
2001,Random unselected expansion,0.02,108,0.11819444444444445,0.8182341269841268,0.016428571428571428,0.020842146258137104,0.022359886911691332
2001,Boundary-certificate expansion,0.05,269,0.4721189591078067,3.2683756512752797,0.16344916344916344,0.11623245605099085,0.36720439048727754
2001,Boundary-excess expansion,0.05,269,0.4684014869888476,3.2426404099266555,0.16216216216216217,0.1159684660866843,0.366634197334347
2001,Posterior-mean expansion,0.05,269,0.49814126394052044,3.448522340715649,0.17245817245817247,0.3245149592696116,0.32945285215366704
2001,Random unselected expansion,0.05,269,0.11423791821561338,0.7908439666432233,0.03954954954954955,0.05163856231058971,0.05092905846855623
2002,Boundary-certificate expansion,0.005,29,0.6206896551724138,4.503351881873549,0.022871664548919948,0.11444429184314481,0.08801376796922454
2002,Boundary-excess expansion,0.005,29,0.6551724137931034,4.75353809753319,0.0241423125794155,0.11515346691735377,0.08364041303907674
2002,Posterior-mean expansion,0.005,29,0.6206896551724138,4.503351881873549,0.022871664548919948,0.11444429184314481,0.08801376796922454
2002,Random unselected expansion,0.005,29,0.11172413793103449,0.8106033387372388,0.004116899618805591,0.00614256579089307,0.0038813525005061754
2002,Boundary-certificate expansion,0.01,58,0.5862068965517241,4.253165666213906,0.043202033036848796,0.11720955894540926,0.1911723020854424
2002,Boundary-excess expansion,0.01,58,0.5517241379310345,4.002979450554266,0.04066073697585769,0.11730348767639263,0.19030168050212593
2002,Posterior-mean expansion,0.01,58,0.6379310344827587,4.62844498970337,0.04701397712833545,0.1622937974938657,0.08935007086454748
2002,Random unselected expansion,0.01,58,0.11344827586206897,0.8231126495202207,0.008360864040660738,0.011639635188175821,0.01066298845920227
2002,Boundary-certificate expansion,0.02,115,0.5478260869565217,3.974697530523175,0.08005082592121983,0.20245603898594858,0.27367888236485116
2002,Boundary-excess expansion,0.02,115,0.5391304347826087,3.911607093530744,0.07878017789072427,0.20164822558892262,0.26981170277384087
2002,Posterior-mean expansion,0.02,115,0.5826086956521739,4.2270592784929,0.08513341804320203,0.16276344114878258,0.09362219072686778
2002,Random unselected expansion,0.02,115,0.11078260869565217,0.8037721672835755,0.01618805590851334,0.019920754802862803,0.018375987041911318
2002,Boundary-certificate expansion,0.05,286,0.47202797202797203,3.424751868208031,0.17153748411689962,0.2939952967227029,0.3570965782547074
2002,Boundary-excess expansion,0.05,286,0.43006993006993005,3.1203294799228725,0.156289707750953,0.24615521025564926,0.354808665721806
2002,Posterior-mean expansion,0.05,286,0.486013986013986,3.5262259976364168,0.17662007623888182,0.2847905441920208,0.344502935816967
2002,Random unselected expansion,0.05,286,0.11134615384615384,0.8078609129117389,0.04046378653113088,0.05557186863448674,0.04621309981777689
2003,Boundary-certificate expansion,0.005,30,0.5666666666666667,4.450351802990324,0.022427440633245383,0.018707972678075054,0.06589847068819031
2003,Boundary-excess expansion,0.005,30,0.5,3.926781002638522,0.01978891820580475,0.039716368795050146,0.06897833474936278
2003,Posterior-mean expansion,0.005,30,0.5666666666666667,4.450351802990324,0.022427440633245383,0.018707972678075054,0.06698704333050128
2003,Random unselected expansion,0.005,30,0.10666666666666666,0.8377132805628846,0.004221635883905013,0.007108625671628027,0.005475387638062872
2003,Boundary-certificate expansion,0.01,60,0.6,4.712137203166226,0.047493403693931395,0.030802782163575387,0.09985662701784197
2003,Boundary-excess expansion,0.01,60,0.6166666666666667,4.843029903254178,0.048812664907651716,0.06107888273057277,0.11676932880203908
2003,Posterior-mean expansion,0.01,60,0.55,4.319459102902375,0.04353562005277045,0.03598425221287306,0.11706138487680544
2003,Random unselected expansion,0.01,60,0.10433333333333333,0.8193883025505716,0.008258575197889181,0.016481703387250114,0.013919790781648258
2003,Boundary-certificate expansion,0.02,120,0.5333333333333333,4.188566402814423,0.08443271767810026,0.07038387829677235,0.25735450297366186
2003,Boundary-excess expansion,0.02,120,0.525,4.123120052770449,0.08311345646437995,0.06994549831941206,0.22926401869158877
2003,Posterior-mean expansion,0.02,120,0.6083333333333333,4.777583553210201,0.09630606860158311,0.1684637749811685,0.22010407816482583
2003,Random unselected expansion,0.02,120,0.10329166666666666,0.8112075087950746,0.016352242744063324,0.031656288865951544,0.025176959430756162
2003,Boundary-certificate expansion,0.05,298,0.3926174496644295,3.083445485293336,0.15435356200527706,0.1245102831607556,0.3443341121495327
2003,Boundary-excess expansion,0.05,298,0.40268456375838924,3.162508190044447,0.158311345646438,0.12455326400469839,0.34313933729821583
2003,Posterior-mean expansion,0.05,298,0.44966442953020136,3.5314674788829663,0.17678100263852242,0.22248842977848832,0.33217395921835174
2003,Random unselected expansion,0.05,298,0.10206375838926174,0.801564055001682,0.04012532981530344,0.07942812730960458,0.05562115016992355
2004,Boundary-certificate expansion,0.005,33,0.5151515151515151,4.511019283746556,0.022727272727272728,0.13923158656581575,0.1256993831556168
2004,Boundary-excess expansion,0.005,33,0.48484848484848486,4.245665208232054,0.0213903743315508,0.13798411867958818,0.12688313249669383
2004,Posterior-mean expansion,0.005,33,0.5151515151515151,4.511019283746556,0.022727272727272728,0.13598947810434586,0.12438616123035948
2004,Random unselected expansion,0.005,33,0.08893939393939394,0.7788142116350673,0.00392379679144385,0.005959725115444891,0.008035346015481221
2004,Boundary-certificate expansion,0.01,66,0.5606060606060606,4.909050397018311,0.04946524064171123,0.1452664908138184,0.2231367507930196
2004,Boundary-excess expansion,0.01,66,0.6060606060606061,5.307081510290066,0.053475935828877004,0.21751853519894693,0.37299201893998946
2004,Posterior-mean expansion,0.01,66,0.5454545454545454,4.7763733592610595,0.0481283422459893,0.14819513618017205,0.23608400921104955
2004,Random unselected expansion,0.01,66,0.08333333333333334,0.7297237076648843,0.007352941176470587,0.019390608745330714,0.013566553532289537
2004,Boundary-certificate expansion,0.02,131,0.5038167938931297,4.411764705882352,0.08823529411764706,0.29139077735826635,0.46129232135095394
2004,Boundary-excess expansion,0.02,131,0.5038167938931297,4.411764705882352,0.08823529411764706,0.29021344547702654,0.46027503676096587
2004,Posterior-mean expansion,0.02,131,0.48854961832061067,4.278074866310161,0.0855614973262032,0.363650420848731,0.3897494705496111
2004,Random unselected expansion,0.02,131,0.08572519083969465,0.7506684491978609,0.01501336898395722,0.03139559718425741,0.02830173585743219
2004,Boundary-certificate expansion,0.05,328,0.45426829268292684,3.9778841137341856,0.19919786096256684,0.5770669340721242,0.5942976574710305
2004,Boundary-excess expansion,0.05,328,0.4451219512195122,3.8977924872831617,0.19518716577540107,0.43514233669312413,0.6020660125218485
2004,Posterior-mean expansion,0.05,328,0.46646341463414637,4.084672949002218,0.20454545454545456,0.5477578076680766,0.5810544617177312
2004,Random unselected expansion,0.05,328,0.0853201219512195,0.7471213887439677,0.037413101604278076,0.07206715457075441,0.05626933996726193
2005,Boundary-certificate expansion,0.005,35,0.37142857142857144,3.5439197166469896,0.01790633608815427,0.021574229176325923,0.0085826470690434
2005,Boundary-excess expansion,0.005,35,0.42857142857142855,4.08913813459268,0.02066115702479339,0.0029412676705690807,0.09145557524583899
2005,Posterior-mean expansion,0.005,35,0.5714285714285714,5.452184179456906,0.027548209366391185,0.011362932376253207,0.018867924528301886
2005,Random unselected expansion,0.005,35,0.07414285714285715,0.7074208972845336,0.0035743801652892565,0.00460980356880957,0.0023296500920810316
2005,Boundary-certificate expansion,0.01,70,0.4,3.816528925619835,0.03856749311294766,0.05766769633891507,0.09083011918412731
2005,Boundary-excess expansion,0.01,70,0.42857142857142855,4.08913813459268,0.04132231404958678,0.04387003974903619,0.10792591820424616
2005,Posterior-mean expansion,0.01,70,0.45714285714285713,4.361747343565526,0.0440771349862259,0.20246572786729602,0.028145522777024912
2005,Random unselected expansion,0.01,70,0.07464285714285714,0.7121915584415583,0.007196969696969697,0.013857177724473733,0.006929531950380485
2005,Boundary-certificate expansion,0.02,139,0.4460431654676259,4.255841607705571,0.08539944903581267,0.06813348001625956,0.12154696132596685
2005,Boundary-excess expansion,0.02,139,0.4316546762589928,4.118556394553778,0.08264462809917356,0.0883357085514209,0.14687793182528927
2005,Posterior-mean expansion,0.02,139,0.45323741007194246,4.324484214281467,0.08677685950413223,0.29567191555253974,0.05232982382987595
2005,Random unselected expansion,0.02,139,0.0766546762589928,0.7313869730661751,0.014676308539944904,0.02901164760268176,0.012383508808506201
2005,Boundary-certificate expansion,0.05,347,0.4409221902017291,4.206980732131374,0.21074380165289255,0.34905001728223684,0.24225998123631814
2005,Boundary-excess expansion,0.05,347,0.4034582132564842,3.8495248529306694,0.1928374655647383,0.11498699215758154,0.2520935404287849
2005,Posterior-mean expansion,0.05,347,0.4409221902017291,4.206980732131374,0.21074380165289255,0.3474836036826039,0.20890232461169603
2005,Random unselected expansion,0.05,347,0.07445244956772334,0.7103748183961703,0.03558539944903582,0.06259739710570217,0.02790524340665068
2006,Boundary-certificate expansion,0.005,34,0.4117647058823529,3.9945909398242057,0.020114942528735632,0.016101019085239834,0.08065822459343061
2006,Boundary-excess expansion,0.005,34,0.4411764705882353,4.279918864097363,0.021551724137931036,0.05650399039857677,0.07955261297165263
2006,Posterior-mean expansion,0.005,34,0.4411764705882353,4.279918864097363,0.021551724137931036,0.0159257160098555,0.007636433759722312
2006,Random unselected expansion,0.005,34,0.07867647058823529,0.7632521974306965,0.0038433908045977004,0.009695325149611403,0.005256090505881597
2006,Boundary-certificate expansion,0.01,68,0.4264705882352941,4.137254901960785,0.041666666666666664,0.057759132497474705,0.08968310085492061
2006,Boundary-excess expansion,0.01,68,0.45588235294117646,4.422582826233942,0.04454022988505747,0.06530603958183895,0.32903516102076236
2006,Posterior-mean expansion,0.01,68,0.5294117647058824,5.135902636916836,0.05172413793103448,0.020172557657709995,0.008407790705148807
2006,Random unselected expansion,0.01,68,0.07404411764705882,0.718313049357674,0.007234195402298851,0.017432198344640385,0.012667223757793918
2006,Boundary-certificate expansion,0.02,136,0.4264705882352941,4.137254901960785,0.08333333333333333,0.34084535929382415,0.3549784662852735
2006,Boundary-excess expansion,0.02,136,0.4117647058823529,3.9945909398242057,0.08045977011494253,0.10676192623816971,0.35397570225621905
2006,Posterior-mean expansion,0.02,136,0.47794117647058826,4.6365787694388105,0.09339080459770115,0.2752346832527707,0.1007392170727004
2006,Random unselected expansion,0.02,136,0.07514705882352941,0.7290128465179175,0.014683908045977013,0.02779006910271729,0.023000642797454524
2006,Boundary-certificate expansion,0.05,338,0.39644970414201186,3.846017819492621,0.1925287356321839,0.4121342794434329,0.4694735488847464
2006,Boundary-excess expansion,0.05,338,0.3727810650887574,3.6164048153438078,0.1810344827586207,0.4127434725879937,0.5244198752972938
2006,Posterior-mean expansion,0.05,338,0.40532544378698226,3.9321226960484257,0.1968390804597701,0.4086967636320029,0.5099697885196375
2006,Random unselected expansion,0.05,338,0.07606508875739645,0.7379187920832484,0.03693965517241379,0.06927348332775014,0.05327691714340811
2007,Boundary-certificate expansion,0.005,35,0.4857142857142857,4.9489370748299315,0.025297619047619048,0.04788361296543308,0.04444259705711198
2007,Boundary-excess expansion,0.005,35,0.42857142857142855,4.366709183673469,0.022321428571428572,0.03363613794975334,0.059639205253969575
2007,Posterior-mean expansion,0.005,35,0.3142857142857143,3.202253401360544,0.01636904761904762,0.010215300924262791,0.0008479507856014631
2007,Random unselected expansion,0.005,35,0.069,0.7030401785714284,0.0035937499999999993,0.008386971570302664,0.0058131182974478345
2007,Boundary-certificate expansion,0.01,69,0.4057971014492754,4.134661835748792,0.041666666666666664,0.05809891388969587,0.04529054784271344
2007,Boundary-excess expansion,0.01,69,0.4492753623188406,4.577661318150448,0.046130952380952384,0.06403254894733171,0.06919943469947626
2007,Posterior-mean expansion,0.01,69,0.4057971014492754,4.134661835748792,0.041666666666666664,0.05809891388969587,0.04529054784271344
2007,Random unselected expansion,0.01,69,0.06978260869565217,0.7110141692546584,0.007165178571428571,0.00921829265626025,0.006714606367944135
2007,Boundary-certificate expansion,0.02,137,0.40145985401459855,4.090469673270768,0.0818452380952381,0.0809649945316158,0.08125363704381079
2007,Boundary-excess expansion,0.02,137,0.40145985401459855,4.090469673270768,0.0818452380952381,0.08536857534274152,0.13770055698728073
2007,Posterior-mean expansion,0.02,137,0.4233576642335766,4.3135862009037185,0.08630952380952381,0.11140596305517289,0.10735722005154211
2007,Random unselected expansion,0.02,137,0.07113138686131387,0.7247568539277026,0.014501488095238093,0.022345155221586702,0.014531216227450327
2007,Boundary-certificate expansion,0.05,343,0.36443148688046645,3.7131880813549905,0.18601190476190477,0.16960334170164454,0.3407432039238507
2007,Boundary-excess expansion,0.05,343,0.36151603498542273,3.683482576704151,0.18452380952380953,0.16768936384521643,0.3407764568958351
2007,Posterior-mean expansion,0.05,343,0.36151603498542273,3.683482576704151,0.18452380952380953,0.16282504433191824,0.3282068334857428
2007,Random unselected expansion,0.05,343,0.0679737609329446,0.6925838409343328,0.034694940476190476,0.04958977367466741,0.038307091196275664
2008,Boundary-certificate expansion,0.005,32,0.28125,2.861763535031847,0.014331210191082803,0.11977209228344055,0.07224917028338014
2008,Boundary-excess expansion,0.005,32,0.3125,3.1797372611464967,0.01592356687898089,0.1239761548216717,0.07944391579826862
2008,Posterior-mean expansion,0.005,32,0.46875,4.7696058917197455,0.02388535031847134,0.006037770915349767,0.005082739573421218
2008,Random unselected expansion,0.005,32,0.06953125,0.7074915406050954,0.003542993630573248,0.004129630007799387,0.0037651727899366393
2008,Boundary-certificate expansion,0.01,64,0.359375,3.6566978503184715,0.03662420382165605,0.13184763411414008,0.18583331399261957
2008,Boundary-excess expansion,0.01,64,0.296875,3.020750398089172,0.030254777070063694,0.13296573983920484,0.26049620535196233
2008,Posterior-mean expansion,0.01,64,0.5,5.087579617834395,0.050955414012738856,0.047578695964234106,0.00970130201684963
2008,Random unselected expansion,0.01,64,0.0696875,0.7090814092356688,0.0071019108280254775,0.0076191480476521375,0.010000696265694988
2008,Boundary-certificate expansion,0.02,128,0.4140625,4.213151871019108,0.08439490445859872,0.18054443580343896,0.27061526678580544
2008,Boundary-excess expansion,0.02,128,0.3828125,3.8951781449044587,0.07802547770700637,0.3248250009039645,0.30259707104230976
2008,Posterior-mean expansion,0.02,128,0.4453125,4.531125597133758,0.09076433121019108,0.19595526003358438,0.1975305776684383
2008,Random unselected expansion,0.02,128,0.0690234375,0.7023244675557325,0.014068471337579616,0.02177153435467895,0.016243994708380716
2008,Boundary-certificate expansion,0.05,320,0.396875,4.03826632165605,0.20222929936305734,0.5041066217226134,0.3763780258546661
2008,Boundary-excess expansion,0.05,320,0.396875,4.03826632165605,0.20222929936305734,0.4205282187740218,0.3724789379627266
2008,Posterior-mean expansion,0.05,320,0.403125,4.101861066878981,0.2054140127388535,0.5218064526765687,0.37338408336621254
2008,Random unselected expansion,0.05,320,0.06678125,0.6795098527070064,0.03402866242038217,0.04640573036678102,0.04116879801332188
2009,Boundary-certificate expansion,0.005,44,0.5,5.787248322147652,0.02953020134228188,0.016318543864636725,0.08857921257564433
2009,Boundary-excess expansion,0.005,44,0.45454545454545453,5.261134838316046,0.026845637583892617,0.007731191283236724,0.23670950165151772
2009,Posterior-mean expansion,0.005,44,0.4772727272727273,5.524191580231849,0.028187919463087248,0.013392876466611088,0.005111266485039901
2009,Random unselected expansion,0.005,44,0.0575,0.6655335570469799,0.003395973154362416,0.004047306746994351,0.004490380210719193
2009,Boundary-certificate expansion,0.01,87,0.4827586206896552,5.587688035177043,0.056375838926174496,0.020681320461399387,0.23699881862236902
2009,Boundary-excess expansion,0.01,87,0.40229885057471265,4.656406695980869,0.04697986577181208,0.009622956236016486,0.26863080743544615
2009,Posterior-mean expansion,0.01,87,0.45977011494252873,5.321607652549564,0.053691275167785234,0.020590844308600025,0.23297249077802154
2009,Random unselected expansion,0.01,87,0.05798850574712643,0.6711877651778139,0.006771812080536912,0.013284159121501115,0.011316452491742412
2009,Boundary-certificate expansion,0.02,173,0.3930635838150289,4.549513131861738,0.0912751677852349,0.023628640530171732,0.2897509463075922
2009,Boundary-excess expansion,0.02,173,0.3815028901734104,4.415703922101097,0.08859060402684564,0.024753774102789727,0.29871977240398295
2009,Posterior-mean expansion,0.02,173,0.4161849710982659,4.817131551383016,0.09664429530201342,0.03094865252842897,0.2756226342310196
2009,Random unselected expansion,0.02,173,0.06086705202312139,0.704505489389766,0.014134228187919463,0.012917515434247183,0.024592605540419993
2009,Boundary-certificate expansion,0.05,432,0.3055555555555556,3.5366517524235648,0.17718120805369128,0.05356063423259663,0.37062709453432024
2009,Boundary-excess expansion,0.05,432,0.30324074074074076,3.509858936117326,0.17583892617449665,0.05141182560361173,0.36269498758348
2009,Posterior-mean expansion,0.05,432,0.31712962962962965,3.6706158339547605,0.18389261744966443,0.0639962350324026,0.4972514887769125
2009,Random unselected expansion,0.05,432,0.057175925925925936,0.6617825627641065,0.033154362416107384,0.03523048457670499,0.046613002386865006
2010,Boundary-certificate expansion,0.005,42,0.47619047619047616,5.441617742987606,0.0273972602739726,0.04688973938263645,0.044091156034655306
2010,Boundary-excess expansion,0.005,42,0.38095238095238093,4.3532941943900845,0.021917808219178082,0.05575861213747197,0.02999456723758328
2010,Posterior-mean expansion,0.005,42,0.40476190476190477,4.625375081539465,0.023287671232876714,0.04679938008004977,0.04271866868727304
2010,Random unselected expansion,0.005,42,0.06535714285714285,0.7468620352250488,0.0037602739726027394,0.005527150810993118,0.00699239413261659
2010,Boundary-certificate expansion,0.01,84,0.40476190476190477,4.625375081539465,0.04657534246575343,0.06500019404277352,0.0729419838160867
2010,Boundary-excess expansion,0.01,84,0.4166666666666667,4.761415525114155,0.04794520547945205,0.06888564405400105,0.07379978840820062
2010,Posterior-mean expansion,0.01,84,0.4166666666666667,4.761415525114155,0.04794520547945205,0.05530222108372904,0.04563520430046036
2010,Random unselected expansion,0.01,84,0.06160714285714285,0.7040092954990215,0.00708904109589041,0.009046557891015102,0.006649558230635062
2010,Boundary-certificate expansion,0.02,167,0.41317365269461076,4.721499466819785,0.09452054794520548,0.08947179045365301,0.18960340834357933
2010,Boundary-excess expansion,0.02,167,0.3592814371257485,4.1056517102780745,0.0821917808219178,0.08507129241768137,0.1839418980356275
2010,Posterior-mean expansion,0.02,167,0.4251497005988024,4.858354523829055,0.09726027397260274,0.09076809419764324,0.180625053612787
2010,Random unselected expansion,0.02,167,0.0622754491017964,0.7116462964481997,0.014246575342465753,0.021090143941143807,0.015211162897092043
2010,Boundary-certificate expansion,0.05,418,0.2966507177033493,3.389945598741561,0.16986301369863013,0.17953045692003855,0.21936922768993222
2010,Boundary-excess expansion,0.05,418,0.284688995215311,3.253254243953595,0.16301369863013698,0.15837553699844345,0.2219998284390816
2010,Posterior-mean expansion,0.05,418,0.3277511961722488,3.7453431211902735,0.18767123287671234,0.19428040317156864,0.22843336287993596
2010,Random unselected expansion,0.05,418,0.060299043062200956,0.6890611194861376,0.03452739726027397,0.05466713394167708,0.03677522660337975
2011,Boundary-certificate expansion,0.005,43,0.3023255813953488,3.9672615828375695,0.020155038759689922,0.005979511911537066,0.031684919005247544
2011,Boundary-excess expansion,0.005,43,0.2558139534883721,3.356913647016405,0.017054263565891473,0.0036169300208564745,0.03248345881816108
2011,Posterior-mean expansion,0.005,43,0.37209302325581395,4.882783486569316,0.024806201550387597,0.008177113698044412,0.03274013232945471
2011,Random unselected expansion,0.005,43,0.05,0.656124031007752,0.0033333333333333335,0.009459136587587107,0.006484000684462696
2011,Boundary-certificate expansion,0.01,85,0.3176470588235294,4.1683173734610115,0.04186046511627907,0.019120992354169194,0.11376340406114534
2011,Boundary-excess expansion,0.01,85,0.2823529411764706,3.7051709986320107,0.037209302325581395,0.029357893730855247,0.1982375085557837
2011,Posterior-mean expansion,0.01,85,0.25882352941176473,3.39640674874601,0.034108527131782945,0.01798944510931048,0.07161190965092402
2011,Random unselected expansion,0.01,85,0.05217647058823529,0.684684724122207,0.006875968992248061,0.02086036016522481,0.015230007985398128
2011,Boundary-certificate expansion,0.02,170,0.31176470588235294,4.0911263109895115,0.08217054263565891,0.16978031753296377,0.3613107460643395
2011,Boundary-excess expansion,0.02,170,0.3,3.936744186046511,0.07906976744186046,0.16694617495166172,0.35355350216746523
2011,Posterior-mean expansion,0.02,170,0.29411764705882354,3.859553123575011,0.07751937984496124,0.20033272145081962,0.28582021446497835
2011,Random unselected expansion,0.02,170,0.05385294117647058,0.7066841769265845,0.014193798449612403,0.04330004875990451,0.029130589778690395
2011,Boundary-certificate expansion,0.05,424,0.27358490566037735,3.590112622495246,0.17984496124031008,0.31904554595054696,0.42028861510381016
2011,Boundary-excess expansion,0.05,424,0.2759433962264151,3.6210618692408953,0.1813953488372093,0.31904554595054696,0.4189196897102441
2011,Posterior-mean expansion,0.05,424,0.2665094339622642,3.4972648822583006,0.17519379844961241,0.3327466822927638,0.4581907369381702
2011,Random unselected expansion,0.05,424,0.04963443396226415,0.6513268977621763,0.03262790697674419,0.09357100411011769,0.07751682637462926
2012,Boundary-certificate expansion,0.005,46,0.391304347826087,4.5872366651725685,0.023195876288659795,0.10413666856359836,0.06902522075373695
2012,Boundary-excess expansion,0.005,46,0.3695652173913043,4.332390183774092,0.02190721649484536,0.02756975714792815,0.062080375521825285
2012,Posterior-mean expansion,0.005,46,0.32608695652173914,3.8226972209771404,0.019329896907216496,0.07514641621887196,0.017025451607318057
2012,Random unselected expansion,0.005,46,0.0642391304347826,0.7530713525324966,0.0038079896907216495,0.006700427950467489,0.005138223581693311
2012,Boundary-certificate expansion,0.01,91,0.4065934065934066,4.766469355386881,0.04768041237113402,0.17869732506969566,0.11688886323849099
2012,Boundary-excess expansion,0.01,91,0.38461538461538464,4.508822363203807,0.045103092783505154,0.1245282193646694,0.11029029837825359
2012,Posterior-mean expansion,0.01,91,0.4065934065934066,4.766469355386881,0.04768041237113402,0.19503949108303567,0.10563475115907736
2012,Random unselected expansion,0.01,91,0.060549450549450545,0.7098174634643708,0.007100515463917525,0.012927755493184851,0.011964275408322272
2012,Boundary-certificate expansion,0.02,182,0.37362637362637363,4.379998867112269,0.08762886597938144,0.2195553202351139,0.25859448644697103
2012,Boundary-excess expansion,0.02,182,0.37362637362637363,4.379998867112269,0.08762886597938144,0.2195553202351139,0.25861372424539736
2012,Posterior-mean expansion,0.02,182,0.3956043956043956,4.637645859295343,0.09278350515463918,0.23604322884365622,0.24360824147284585
2012,Random unselected expansion,0.02,182,0.06392857142857143,0.7494306885125184,0.014993556701030928,0.025300107991776382,0.020643408168369213
2012,Boundary-certificate expansion,0.05,455,0.3208791208791209,3.76164608587289,0.18814432989690721,0.26436554775590154,0.35834247128758584
2012,Boundary-excess expansion,0.05,455,0.3230769230769231,3.7874107850911973,0.18943298969072164,0.27193395375142554,0.44714414882360864
2012,Posterior-mean expansion,0.05,455,0.35604395604395606,4.17388127336581,0.20876288659793815,0.4307314035656254,0.3700198149323791
2012,Random unselected expansion,0.05,455,0.06358241758241757,0.7453727483856349,0.03728092783505155,0.06735135161822256,0.05237952328735499
2013,Boundary-certificate expansion,0.005,46,0.43478260869565216,5.320274354801208,0.026737967914438502,0.10631181609500041,0.09024129127892613
2013,Boundary-excess expansion,0.005,46,0.45652173913043476,5.586288072541269,0.02807486631016043,0.10475316086511999,0.07989788355431113
2013,Posterior-mean expansion,0.005,46,0.4782608695652174,5.85230179028133,0.029411764705882353,0.11196003552939474,0.13431606686980152
2013,Random unselected expansion,0.005,46,0.0592391304347826,0.7248873808416646,0.003643048128342246,0.006302043492356878,0.004257844025364408
2013,Boundary-certificate expansion,0.01,92,0.44565217391304346,5.4532812136712385,0.05481283422459893,0.1361016790754182,0.1744214773943836
2013,Boundary-excess expansion,0.01,92,0.4673913043478261,5.7192949314113,0.05748663101604278,0.135567609112047,0.19003541134810178
2013,Posterior-mean expansion,0.01,92,0.45652173913043476,5.586288072541269,0.05614973262032086,0.14244891578152225,0.15289467182739028
2013,Random unselected expansion,0.01,92,0.05434782608695652,0.665034294350151,0.0066844919786096255,0.011387286596586929,0.007966070987400148
2013,Boundary-certificate expansion,0.02,184,0.41304347826086957,5.054260637061148,0.10160427807486631,0.2208397635175617,0.22121386807214033
2013,Boundary-excess expansion,0.02,184,0.4076086956521739,4.987757207626133,0.10026737967914438,0.24140370283013815,0.3015070410936342
2013,Posterior-mean expansion,0.02,184,0.41304347826086957,5.054260637061148,0.10160427807486631,0.24346049645884543,0.2058964012188092
2013,Random unselected expansion,0.02,184,0.05222826086956522,0.6390979568704952,0.012847593582887699,0.021952911437429057,0.017477888495429465
2013,Boundary-certificate expansion,0.05,458,0.36681222707423583,4.488545874880321,0.22459893048128343,0.3450371751592897,0.38099316478629663
2013,Boundary-excess expansion,0.05,458,0.35807860262008734,4.381675735002219,0.2192513368983957,0.342374036378896,0.37835790167174504
2013,Posterior-mean expansion,0.05,458,0.36026200873362446,4.408393269971744,0.22058823529411764,0.34610354323135856,0.36674627357325207
2013,Random unselected expansion,0.05,458,0.05501091703056768,0.6731482935572005,0.033683155080213904,0.06392565919998866,0.04101671745038294
2014,Boundary-certificate expansion,0.005,57,0.2631578947368421,4.218013026877292,0.021337126600284494,0.007504153791736559,0.05013706699290876
2014,Boundary-excess expansion,0.005,57,0.3333333333333333,5.342816500711237,0.02702702702702703,0.00821120028020866,0.06402501189424319
2014,Posterior-mean expansion,0.005,57,0.3157894736842105,5.061615632252751,0.025604551920341393,0.009445481982867763,0.04891365912231813
2014,Random unselected expansion,0.005,57,0.04026315789473684,0.6453559931122258,0.003264580369843528,0.004648646500538323,0.008820317632932326
2014,Boundary-certificate expansion,0.01,113,0.336283185840708,5.390098062664435,0.05405405405405406,0.03826431671030191,0.21210267563832438
2014,Boundary-excess expansion,0.01,113,0.2920353982300885,4.680874633366483,0.04694167852062589,0.061989215767997215,0.09404381612632819
2014,Posterior-mean expansion,0.01,113,0.3185840707964602,5.106408690945254,0.051209103840682786,0.036180931465899714,0.16230544416502413
2014,Random unselected expansion,0.01,113,0.03955752212389381,0.6340457457923688,0.00635846372688478,0.008693865655398855,0.015549910509979836
2014,Boundary-certificate expansion,0.02,226,0.30973451327433627,4.964564005085663,0.09957325746799431,0.07770605920495426,0.2859602618999071
2014,Boundary-excess expansion,0.02,226,0.30973451327433627,4.964564005085663,0.09957325746799431,0.07809102459944,0.2867758671469675
2014,Posterior-mean expansion,0.02,226,0.3407079646017699,5.461020405594229,0.10953058321479374,0.08462252847559519,0.2874102267835701
2014,Random unselected expansion,0.02,226,0.04057522123893806,0.6503578846662218,0.013044096728307255,0.014988548083298341,0.02992489635016652
2014,Boundary-certificate expansion,0.05,564,0.2429078014184397,3.8934354287097848,0.19487908961593173,0.18394253642076652,0.5385033643716441
2014,Boundary-excess expansion,0.05,564,0.24113475177304963,3.865016192003874,0.1934566145092461,0.18307031226026838,0.5382768073585718
2014,Posterior-mean expansion,0.05,564,0.2641843971631206,4.234466269180715,0.2119487908961593,0.14409762518148386,0.5376311198713156
2014,Random unselected expansion,0.05,564,0.040283687943262404,0.6456850579582942,0.03231863442389758,0.03981751850701512,0.06846094157094633
2015,Boundary-certificate expansion,0.005,56,0.32142857142857145,5.166788321167884,0.026277372262773723,0.037438607644389464,0.05966120544596751
2015,Boundary-excess expansion,0.005,56,0.32142857142857145,5.166788321167884,0.026277372262773723,0.009332731456326678,0.07561912981525298
2015,Posterior-mean expansion,0.005,56,0.23214285714285715,3.7315693430656935,0.01897810218978102,0.037438607644389464,0.059226779192720166
2015,Random unselected expansion,0.005,56,0.036607142857142845,0.5884397810218978,0.0029927007299270073,0.0045419926128511205,0.0029887222944656993
2015,Boundary-certificate expansion,0.01,111,0.34234234234234234,5.50296573946209,0.05547445255474453,0.043190360652805314,0.08390219037716887
2015,Boundary-excess expansion,0.01,111,0.35135135135135137,5.647780627342671,0.05693430656934306,0.01928557013663531,0.12181312141055307
2015,Posterior-mean expansion,0.01,111,0.3153153153153153,5.068521075820346,0.051094890510948905,0.04087752553691027,0.07509781831135619
2015,Random unselected expansion,0.01,111,0.03788288288288288,0.6089466035378444,0.006138686131386861,0.007611853337812875,0.006460468659042002
2015,Boundary-certificate expansion,0.02,221,0.3076923076923077,4.945985401459854,0.09927007299270073,0.10932442240856403,0.1565382599201235
2015,Boundary-excess expansion,0.02,221,0.31221719457013575,5.018720480893087,0.10072992700729927,0.06788504307518473,0.1609694077032463
2015,Posterior-mean expansion,0.02,221,0.3031674208144796,4.873250322026621,0.09781021897810219,0.11793352139327948,0.16792022775520368
2015,Random unselected expansion,0.02,221,0.038552036199095016,0.6197028767711464,0.012437956204379562,0.021664998339009475,0.013375187889354528
2015,Boundary-certificate expansion,0.05,551,0.23411978221415608,3.763347331328573,0.18832116788321168,0.14606235086508285,0.21822678788124522
2015,Boundary-excess expansion,0.05,551,0.2323049001814882,3.734174096201995,0.18686131386861313,0.14606235086508285,0.21822678788124522
2015,Posterior-mean expansion,0.05,551,0.23593466424682397,3.7925205664551513,0.1897810218978102,0.3063324772297692,0.21689454737128672
2015,Random unselected expansion,0.05,551,0.03862976406533576,0.6209523096692146,0.031072992700729926,0.05183830975949873,0.02926645679051676
2016,Boundary-certificate expansion,0.005,53,0.37735849056603776,6.003273886447833,0.030441400304414,0.033282466004989394,0.011907674741048854
2016,Boundary-excess expansion,0.005,53,0.37735849056603776,6.003273886447833,0.030441400304414,0.0227780680281922,0.011690182964956638
2016,Posterior-mean expansion,0.005,53,0.3584905660377358,5.7031101921254415,0.0289193302891933,0.033282466004989394,0.011907674741048854
2016,Random unselected expansion,0.005,53,0.04358490566037736,0.6933781338847247,0.003515981735159817,0.005588327897675528,0.004154364788081451
2016,Boundary-certificate expansion,0.01,105,0.34285714285714286,5.45440313111546,0.0547945205479452,0.034513246152048385,0.030911018677106272
2016,Boundary-excess expansion,0.01,105,0.3523809523809524,5.605914329202001,0.0563165905631659,0.1517078355200469,0.030421662180898784
2016,Posterior-mean expansion,0.01,105,0.4,6.363470319634703,0.0639269406392694,0.058136988880533945,0.04464018704292744
2016,Random unselected expansion,0.01,105,0.0440952380952381,0.7014968471406828,0.007047184170471842,0.009457528805629823,0.010056819726504091
2016,Boundary-certificate expansion,0.02,210,0.3142857142857143,4.999869536855838,0.1004566210045662,0.20313504403362886,0.07639398635239104
2016,Boundary-excess expansion,0.02,210,0.3,4.772602739726027,0.0958904109589041,0.19031158297424114,0.06886333360519806
2016,Posterior-mean expansion,0.02,210,0.30952380952380953,4.924113937812568,0.0989345509893455,0.07605551560221523,0.07122855667020091
2016,Random unselected expansion,0.02,210,0.04135714285714286,0.6579373776908024,0.013219178082191781,0.016488825092342174,0.01677622814887312
2016,Boundary-certificate expansion,0.05,523,0.23135755258126195,3.680592297685464,0.1841704718417047,0.22800871094704092,0.12176820813962971
2016,Boundary-excess expansion,0.05,523,0.23135755258126195,3.680592297685464,0.1841704718417047,0.22800871094704092,0.12176820813962971
2016,Posterior-mean expansion,0.05,523,0.26003824091778205,4.136864070125811,0.2070015220700152,0.27285001916745566,0.13098442215153738
2016,Random unselected expansion,0.05,523,0.04239961759082218,0.674521770257646,0.03375190258751903,0.04053329435053002,0.04214229399450833
2017,Boundary-certificate expansion,0.005,56,0.3392857142857143,4.916108630952381,0.024739583333333332,0.014722651185048388,0.1353528122063627
2017,Boundary-excess expansion,0.005,56,0.375,5.43359375,0.02734375,0.09691241757700841,0.17338583381806794
2017,Posterior-mean expansion,0.005,56,0.35714285714285715,5.174851190476191,0.026041666666666668,0.014722651185048388,0.1356660253255179
2017,Random unselected expansion,0.005,56,0.04455357142857142,0.6455626860119048,0.0032486979166666667,0.0019199304177586868,0.004118976240547676
2017,Boundary-certificate expansion,0.01,112,0.35714285714285715,5.174851190476191,0.052083333333333336,0.12081998383152945,0.24189001745044522
2017,Boundary-excess expansion,0.01,112,0.36607142857142855,5.304222470238095,0.053385416666666664,0.11569571199972498,0.2353125419481856
2017,Posterior-mean expansion,0.01,112,0.33035714285714285,4.786737351190476,0.048177083333333336,0.14720959001918726,0.23159872924963085
2017,Random unselected expansion,0.01,112,0.046026785714285715,0.666908947172619,0.006712239583333332,0.005587838203770842,0.01008814712067654
2017,Boundary-certificate expansion,0.02,223,0.3004484304932735,4.353372571001494,0.08723958333333333,0.16085193751267338,0.2995212313750056
2017,Boundary-excess expansion,0.02,223,0.3094170403587444,4.483323991031391,0.08984375,0.16093549805020615,0.2971050158843796
2017,Posterior-mean expansion,0.02,223,0.30493273542600896,4.418348281016443,0.08854166666666667,0.1545253726514174,0.2823839992840843
2017,Random unselected expansion,0.02,223,0.046322869955156956,0.6711990844544096,0.013450520833333333,0.01056165984289879,0.02150946351067162
2017,Boundary-certificate expansion,0.05,557,0.236983842010772,3.433797127468582,0.171875,0.19127702008319125,0.35607857174817664
2017,Boundary-excess expansion,0.05,557,0.236983842010772,3.433797127468582,0.171875,0.19127702008319125,0.35607857174817664
2017,Posterior-mean expansion,0.05,557,0.24057450628366248,3.4858243566726514,0.17447916666666666,0.16996920637927132,0.3629245156382836
2017,Random unselected expansion,0.05,557,0.04631956912028725,0.6711512567324956,0.03359375,0.025949385157699335,0.04718689874267305
2018,Boundary-certificate expansion,0.005,64,0.234375,3.6739864864864864,0.018427518427518427,0.0042485900035435994,0.004258276285245368
2018,Boundary-excess expansion,0.005,64,0.390625,6.1233108108108105,0.030712530712530713,0.02413899264185633,0.011591974332056837
2018,Posterior-mean expansion,0.005,64,0.359375,5.633445945945946,0.028255528255528257,0.012721901527464823,0.007422412136087413
2018,Random unselected expansion,0.005,64,0.039921875,0.6258023648648648,0.0031388206388206384,0.006541577374816176,0.004712935992784587
2018,Boundary-certificate expansion,0.01,128,0.28125,4.408783783783783,0.044226044226044224,0.035189478772620436,0.01525882335546257
2018,Boundary-excess expansion,0.01,128,0.2890625,4.53125,0.045454545454545456,0.043766841965343334,0.02197152277734242
2018,Posterior-mean expansion,0.01,128,0.2578125,4.041385135135135,0.04054054054054054,0.030017974086659127,0.12937471352742005
2018,Random unselected expansion,0.01,128,0.043125,0.6760135135135134,0.006781326781326782,0.011475483431574311,0.007635695592388332
2018,Boundary-certificate expansion,0.02,256,0.30859375,4.83741554054054,0.09705159705159705,0.09390992544144729,0.23518105067053066
2018,Boundary-excess expansion,0.02,256,0.29296875,4.592483108108108,0.09213759213759214,0.10888342054756911,0.24177546464004257
2018,Posterior-mean expansion,0.02,256,0.30859375,4.83741554054054,0.09705159705159705,0.10444388267869771,0.2205432259399997
2018,Random unselected expansion,0.02,256,0.04126953125,0.6469277871621621,0.012979115479115478,0.026527076338930224,0.018740777431135686
2018,Boundary-certificate expansion,0.05,638,0.2507836990595611,3.931203931203931,0.19656019656019655,0.22577067695928701,0.4056303875327133
2018,Boundary-excess expansion,0.05,638,0.24921630094043887,3.9066339066339064,0.19533169533169534,0.2336870572093355,0.41062794789525825
2018,Posterior-mean expansion,0.05,638,0.2601880877742947,4.078624078624079,0.20393120393120392,0.24216670879909769,0.40571910162198926
2018,Random unselected expansion,0.05,638,0.04086990595611285,0.6406633906633907,0.03203316953316953,0.05630003858116536,0.03954667100379992
2019,Boundary-certificate expansion,0.005,69,0.4492753623188406,7.115001595378441,0.03592120509849363,0.09579025033565143,0.09056412282108343
2019,Boundary-excess expansion,0.005,69,0.43478260869565216,6.885485414882362,0.03476245654692932,0.06926622700749376,0.09594174954730161
2019,Posterior-mean expansion,0.005,69,0.36231884057971014,5.737904512401968,0.028968713789107765,0.09943981175427587,0.09481733668636508
2019,Random unselected expansion,0.005,69,0.04173913043478262,0.6610065998287068,0.003337195828505214,0.0060057125253650525,0.006659684714633793
2019,Boundary-certificate expansion,0.01,137,0.34306569343065696,5.432999805465572,0.054461181923522596,0.11472134691036456,0.17025077340049827
2019,Boundary-excess expansion,0.01,137,0.38686131386861317,6.126574248716497,0.06141367323290846,0.0839587462127334,0.17909941374091182
2019,Posterior-mean expansion,0.01,137,0.34306569343065696,5.432999805465572,0.054461181923522596,0.33926611189380984,0.18745917892439645
2019,Random unselected expansion,0.01,137,0.04153284671532846,0.6577397636829596,0.006593279258400928,0.01254481310589357,0.009917692978579447
2019,Boundary-certificate expansion,0.02,274,0.35036496350364965,5.548595546007393,0.11123986095017381,0.3619521323507436,0.2279502637970347
2019,Boundary-excess expansion,0.02,274,0.3248175182481752,5.1440104541110205,0.10312862108922363,0.3619614259325643,0.229062454779048
2019,Posterior-mean expansion,0.02,274,0.3175182481751825,5.0284147135692,0.10081112398609501,0.35579826745809023,0.2638337003156178
2019,Random unselected expansion,0.02,274,0.04054744525547445,0.642134338709814,0.01287369640787949,0.022277708347759214,0.021722622502336825
2019,Boundary-certificate expansion,0.05,684,0.24707602339181287,3.91284821749236,0.19582850521436848,0.4027007571206526,0.4054608332779275
2019,Boundary-excess expansion,0.05,684,0.23538011695906433,3.7276246332323666,0.186558516801854,0.4138340809092897,0.42000975794813233
2019,Posterior-mean expansion,0.05,684,0.26169590643274854,4.144377697817352,0.2074159907300116,0.4343909910552443,0.41240774925788753
2019,Random unselected expansion,0.05,684,0.0410891812865497,0.6507136044533891,0.03256662804171495,0.059289188491123974,0.06183957855050472
2020,Boundary-certificate expansion,0.005,42,0.35714285714285715,5.2924987199180755,0.026881720430107527,0.026155754342033825,0.08104462369408384
2020,Boundary-excess expansion,0.005,42,0.2619047619047619,3.881165727939922,0.01971326164874552,0.014147415163933634,0.012069313905924885
2020,Posterior-mean expansion,0.005,42,0.2619047619047619,3.881165727939922,0.01971326164874552,0.0030170589906039335,0.004041308728680731
2020,Random unselected expansion,0.005,42,0.04666666666666666,0.6915531660692951,0.0035125448028673835,0.0025081452381090392,0.0055296435456476745
2020,Boundary-certificate expansion,0.01,83,0.37349397590361444,5.534805890227577,0.05555555555555555,0.029953403683072588,0.08538629996340977
2020,Boundary-excess expansion,0.01,83,0.3493975903614458,5.177721639245153,0.05197132616487455,0.02806961358845499,0.08803499554909916
2020,Posterior-mean expansion,0.01,83,0.2891566265060241,4.285011011789092,0.043010752688172046,0.016744109827516583,0.07648449830428869
2020,Random unselected expansion,0.01,83,0.04427710843373494,0.6561423111802048,0.006586021505376345,0.0036812901767341566,0.009341108301612699
2020,Boundary-certificate expansion,0.02,166,0.3253012048192771,4.820637388262728,0.0967741935483871,0.03721522460328041,0.1335909212545533
2020,Boundary-excess expansion,0.02,166,0.3072289156626506,4.55282420002591,0.0913978494623656,0.034486539646840834,0.2130425047376153
2020,Posterior-mean expansion,0.02,166,0.3313253012048193,4.909908451008335,0.0985663082437276,0.04077872099111789,0.17198335417702024
2020,Random unselected expansion,0.02,166,0.04539156626506024,0.6726574577881419,0.013503584229390679,0.009750479174274525,0.014285237208438687
2020,Boundary-certificate expansion,0.05,414,0.24154589371980675,3.5794677332779252,0.17921146953405018,0.18025375707410005,0.25682353133925695
2020,Boundary-excess expansion,0.05,414,0.2391304347826087,3.543673055945146,0.1774193548387097,0.1802049701771979,0.2567143067790223
2020,Posterior-mean expansion,0.05,414,0.27053140096618356,4.0090038612712755,0.2007168458781362,0.2209476444140452,0.25801134843180834
2020,Random unselected expansion,0.05,414,0.04458937198067632,0.660769743563105,0.033082437275985664,0.027083535907639157,0.03829588114183355
2021,Boundary-certificate expansion,0.005,59,0.22033898305084745,3.4528552456839314,0.017264276228419653,0.002104401757220227,0.004266753670754139
2021,Boundary-excess expansion,0.005,59,0.23728813559322035,3.7184594953519263,0.01859229747675963,0.0010877720511465688,0.0029207745948064607
2021,Posterior-mean expansion,0.005,59,0.22033898305084745,3.4528552456839314,0.017264276228419653,0.0022576612192919962,0.005141640070120129
2021,Random unselected expansion,0.005,59,0.040169491525423734,0.6294820717131475,0.0031474103585657364,0.003565384269588257,0.004223431988215687
2021,Boundary-certificate expansion,0.01,118,0.2033898305084746,3.187250996015937,0.03187250996015936,0.10833016607153993,0.04335936995257849
2021,Boundary-excess expansion,0.01,118,0.2796610169491525,4.382470119521912,0.043824701195219126,0.10840679580257581,0.05877083037217941
2021,Posterior-mean expansion,0.01,118,0.2457627118644068,3.8512616201859236,0.03851261620185923,0.10833016607153993,0.04335936995257849
2021,Random unselected expansion,0.01,118,0.039110169491525425,0.612881806108898,0.006128818061088976,0.00472133074317239,0.00773891397793887
2021,Boundary-certificate expansion,0.02,236,0.2669491525423729,4.183266932270917,0.08366533864541832,0.12088364817945534,0.1751064938644891
2021,Boundary-excess expansion,0.02,236,0.2627118644067797,4.1168658698539184,0.08233731739707835,0.1208865963044629,0.1759140813100577
2021,Posterior-mean expansion,0.02,236,0.2711864406779661,4.249667994687916,0.0849933598937583,0.15060143686878652,0.21761251308291674
2021,Random unselected expansion,0.02,236,0.038771186440677965,0.6075697211155381,0.012151394422310755,0.014836471164088033,0.015571528289249837
2021,Boundary-certificate expansion,0.05,590,0.21694915254237288,3.399734395750332,0.1699867197875166,0.16111283670869259,0.27257153071201234
2021,Boundary-excess expansion,0.05,590,0.21694915254237288,3.399734395750332,0.1699867197875166,0.16111283670869259,0.27257153071201234
2021,Posterior-mean expansion,0.05,590,0.2271186440677966,3.559096945551129,0.17795484727755645,0.1922688800184996,0.2822746938705191
2021,Random unselected expansion,0.05,590,0.03888983050847458,0.6094289508632139,0.03047144754316069,0.035399176664002455,0.042915064951566315
2022,Boundary-certificate expansion,0.005,67,0.19402985074626866,3.34301430989383,0.01675257731958763,0.001701872173364204,0.013844338598625393
2022,Boundary-excess expansion,0.005,67,0.26865671641791045,4.6287890444683795,0.023195876288659795,0.02834146897673449,0.05612003555728891
2022,Posterior-mean expansion,0.005,67,0.23880597014925373,4.11447915063856,0.020618556701030927,0.0016610399269499218,0.00986432929035482
2022,Random unselected expansion,0.005,67,0.0358955223880597,0.6184576473303585,0.0030992268041237113,0.001689868038009073,0.004045578533391327
2022,Boundary-certificate expansion,0.01,134,0.23134328358208955,3.985901677181105,0.03994845360824742,0.028529376596155554,0.06276607980889862
2022,Boundary-excess expansion,0.01,134,0.2462686567164179,4.243056624096015,0.04252577319587629,0.028534827502837073,0.06284225223585117
2022,Posterior-mean expansion,0.01,134,0.23880597014925373,4.11447915063856,0.041237113402061855,0.00445210236267568,0.022489909057739465
2022,Random unselected expansion,0.01,134,0.03757462686567164,0.6473875788582859,0.006488402061855669,0.002689233304702859,0.009851797021810452
2022,Boundary-certificate expansion,0.02,268,0.208955223880597,3.60016925680874,0.07216494845360824,0.03396425265666042,0.23774366607226785
2022,Boundary-excess expansion,0.02,268,0.19776119402985073,3.407303046622557,0.06829896907216494,0.04349466745232402,0.31315436875528924
2022,Posterior-mean expansion,0.02,268,0.208955223880597,3.60016925680874,0.07216494845360824,0.032039314515779356,0.2403144854819163
2022,Random unselected expansion,0.02,268,0.03718283582089552,0.6406372615017695,0.012841494845360825,0.005321038334294097,0.018219067710432045
2022,Boundary-certificate expansion,0.05,669,0.18535127055306427,3.1934877413588523,0.15979381443298968,0.06201206642435239,0.37838843519745036
2022,Boundary-excess expansion,0.05,669,0.17339312406576982,2.9874562741744106,0.14948453608247422,0.05928909076844851,0.37838843519745036
2022,Posterior-mean expansion,0.05,669,0.19282511210762332,3.3222574083491287,0.16623711340206185,0.06558751433154862,0.2789053412867504
2022,Random unselected expansion,0.05,669,0.03647982062780269,0.6285247445795386,0.03144974226804123,0.013427496796477367,0.04647018877812572
2023,Boundary-certificate expansion,0.005,79,0.189873417721519,3.6926863572433195,0.018518518518518517,0.011547981034817766,0.10503797358231595
2023,Boundary-excess expansion,0.005,79,0.20253164556962025,3.938865447726207,0.019753086419753086,0.006732937338002133,0.03396326909843215
2023,Posterior-mean expansion,0.005,79,0.20253164556962025,3.938865447726207,0.019753086419753086,0.01050418579010165,0.035487907880774
2023,Random unselected expansion,0.005,79,0.029936708860759494,0.58221354899203,0.002919753086419753,0.0020806981205546055,0.0041509495664386695
2023,Boundary-certificate expansion,0.01,158,0.21518987341772153,4.1850445382090955,0.04197530864197531,0.015989568874719817,0.13133486318776558
2023,Boundary-excess expansion,0.01,158,0.2088607594936709,4.061954992967651,0.040740740740740744,0.015989568874719817,0.13124098148934552
2023,Posterior-mean expansion,0.01,158,0.21518987341772153,4.1850445382090955,0.04197530864197531,0.17441120350871195,0.13817258022269366
2023,Random unselected expansion,0.01,158,0.03117088607594937,0.6062160103141117,0.006080246913580247,0.006568629531200546,0.008572550681252546
2023,Boundary-certificate expansion,0.02,316,0.2088607594936709,4.061954992967651,0.08148148148148149,0.1941964316411979,0.16811614793377336
2023,Boundary-excess expansion,0.02,316,0.2120253164556962,4.123499765588373,0.08271604938271605,0.19289976107862558,0.1670521553516793
2023,Posterior-mean expansion,0.02,316,0.18670886075949367,3.6311415846225974,0.0728395061728395,0.19441622712481574,0.15440629057449654
2023,Random unselected expansion,0.02,316,0.0315506329113924,0.6136013830285982,0.012308641975308642,0.009610569431895229,0.017801512809688346
2023,Boundary-certificate expansion,0.05,788,0.1484771573604061,2.887605752961083,0.14444444444444443,0.21650510839085343,0.21479412838822962
2023,Boundary-excess expansion,0.05,788,0.1434010152284264,2.7888841887572857,0.13950617283950617,0.21641952322209276,0.2148097753379663
2023,Posterior-mean expansion,0.05,788,0.1713197969543147,3.3318527918781724,0.16666666666666666,0.23766149196879582,0.2660050301814014
2023,Random unselected expansion,0.05,788,0.030894670050761422,0.6008441201353638,0.030055555555555554,0.022078212221355812,0.04577762210801341
2024,Boundary-certificate expansion,0.005,90,0.2111111111111111,4.264254468191476,0.021372328458942633,0.001912492062350196,0.0577490959279465
2024,Boundary-excess expansion,0.005,90,0.23333333333333334,4.713123359580052,0.023622047244094488,0.027525001094253092,0.004380965897982148
2024,Posterior-mean expansion,0.005,90,0.2,4.039820022497188,0.020247469066366704,0.0015589067852390575,0.057727372130105266
2024,Random unselected expansion,0.005,90,0.030999999999999996,0.6261721034870642,0.0031383577052868394,0.001609975749694541,0.004290108285890972
2024,Boundary-certificate expansion,0.01,180,0.2222222222222222,4.488688913885764,0.04499437570303712,0.030109564766182623,0.06575793606541469
2024,Boundary-excess expansion,0.01,180,0.20555555555555555,4.1520372453443315,0.04161979752530934,0.029341143653960306,0.06558414568268482
2024,Posterior-mean expansion,0.01,180,0.18888888888888888,3.8153855768028992,0.03824521934758155,0.006547679127160218,0.06879318509979188
2024,Random unselected expansion,0.01,180,0.0295,0.5958734533183352,0.0059730033745781785,0.003145444945399877,0.0078127495521277
2024,Boundary-certificate expansion,0.02,360,0.19166666666666668,3.871494188226472,0.07761529808773904,0.07381556595391324,0.10079523582630807
2024,Boundary-excess expansion,0.02,360,0.18611111111111112,3.7592769653793274,0.07536557930258718,0.07388639899325954,0.10272141256823081
2024,Posterior-mean expansion,0.02,360,0.18333333333333332,3.703168353955755,0.07424071991001124,0.06638458639925561,0.0789888875532776
2024,Random unselected expansion,0.02,360,0.02979166666666666,0.6017648575178103,0.012064116985376828,0.00719897622094827,0.011989823124837973
2024,Boundary-certificate expansion,0.05,898,0.15812917594654788,3.194067055649224,0.1597300337457818,0.11139449543057858,0.14973171109666072
2024,Boundary-excess expansion,0.05,898,0.15812917594654788,3.194067055649224,0.1597300337457818,0.11139449543057858,0.14899310197005877
2024,Posterior-mean expansion,0.05,898,0.15812917594654788,3.194067055649224,0.1597300337457818,0.11988255799230722,0.12396728685695745
2024,Random unselected expansion,0.05,898,0.0294543429844098,0.5949512226895913,0.0297525309336333,0.014773681811635755,0.032013922057909844
2025,Boundary-certificate expansion,0.005,100,0.25,5.233228511530398,0.02620545073375262,0.002753654863498029,0.01991053806841973
2025,Boundary-excess expansion,0.005,100,0.31,6.489203354297694,0.03249475890985325,0.007618022133886252,0.02283001910405159
2025,Posterior-mean expansion,0.005,100,0.23,4.814570230607966,0.02410901467505241,0.003482675471368821,0.019366643590400353
2025,Random unselected expansion,0.005,100,0.02825,0.591354821802935,0.0029612159329140465,0.0027118741785299772,0.0033189644326561208
2025,Boundary-certificate expansion,0.01,200,0.19,3.977253668763103,0.039832285115303984,0.016949570512324045,0.05860704946600916
2025,Boundary-excess expansion,0.01,200,0.175,3.663259958071279,0.03668763102725367,0.01304813646724354,0.04715365115782423
2025,Posterior-mean expansion,0.01,200,0.205,4.291247379454926,0.0429769392033543,0.07823861007346168,0.037386454769335185
2025,Random unselected expansion,0.01,200,0.030125000000000002,0.630604035639413,0.006315513626834381,0.004983795312162733,0.0076959326628957495
2025,Boundary-certificate expansion,0.02,400,0.1825,3.8202568134171906,0.07651991614255765,0.11933921419826747,0.07850629672379383
2025,Boundary-excess expansion,0.02,400,0.1875,3.9249213836477987,0.07861635220125786,0.09889406706659662,0.07761916160246925
2025,Posterior-mean expansion,0.02,400,0.18,3.7679245283018865,0.07547169811320754,0.08867255097190692,0.07708365458377876
2025,Random unselected expansion,0.02,400,0.028237500000000006,0.5910931603773585,0.011839622641509435,0.013209487952590778,0.015085724673260066
2025,Boundary-certificate expansion,0.05,999,0.13813813813813813,2.8916337721369167,0.14465408805031446,0.195087606620057,0.18878364419623295
2025,Boundary-excess expansion,0.05,999,0.13113113113113112,2.744956696738667,0.13731656184486374,0.3144115086361342,0.17505079251812816
2025,Posterior-mean expansion,0.05,999,0.16216216216216217,3.394526602073772,0.16981132075471697,0.1820513138296457,0.15296919286188498
2025,Random unselected expansion,0.05,999,0.02868368368368368,0.6004330850766909,0.03003668763102725,0.033228645734349624,0.035855157932633205
