test_year,rule,capacity,test_component_units,damage_units,selected_units,selected_damage_units,damage_capture,selected_hit_rate,overall_damage_rate,damage_lift,cost_capture,aos_capture,fallback_share
1995,Direct full cell,0.05,2573,588,129,80,0.1360544217687075,0.6201550387596899,0.22852701127089,2.713705637293677,0.04758631384417708,0.39282023388632037,0.0
1995,Direct full cell,0.1,2573,588,258,161,0.27380952380952384,0.624031007751938,0.22852701127089,2.7306662975267626,0.6106774026440522,0.6106064726679358,0.0
1995,EB component,0.05,2573,588,129,71,0.12074829931972789,0.5503875968992248,0.22852701127089,2.4084137530981384,0.2653738026512521,0.14707642099537666,0.0
1995,EB component,0.1,2573,588,258,115,0.195578231292517,0.44573643410852715,0.22852701127089,1.9504759268048306,0.6540163884003815,0.18852325265161818,0.0
1995,EB component-phase,0.05,2573,588,129,77,0.13095238095238096,0.5968992248062015,0.22852701127089,2.611941675895164,0.16556637931153845,0.09496872450367147,0.0
1995,EB component-phase,0.1,2573,588,258,132,0.22448979591836735,0.5116279069767442,0.22852701127089,2.238807150767284,0.32742900070792097,0.2659776992113136,0.0
1995,EB component-phase-size,0.05,2573,588,129,95,0.16156462585034015,0.7364341085271318,0.22852701127089,3.2225254442862417,0.1757660193577521,0.48191460429698124,0.007751937984496124
1995,EB component-phase-size,0.1,2573,588,258,176,0.29931972789115646,0.6821705426356589,0.22852701127089,2.9850762010230447,0.49335017126386743,0.5573021484906173,0.003875968992248062
1995,Full hierarchy,0.05,2573,588,129,98,0.16666666666666666,0.7596899224806202,0.22852701127089,3.3242894056847545,0.1758077548500697,0.48191460429698124,0.03875968992248062
1995,Full hierarchy,0.1,2573,588,258,172,0.2925170068027211,0.6666666666666666,0.22852701127089,2.9172335600907027,0.4876532765625145,0.5184661408757139,0.01937984496124031
1995,Full hierarchy with certificates,0.05,2573,588,129,98,0.16666666666666666,0.7596899224806202,0.22852701127089,3.3242894056847545,0.1758077548500697,0.48191460429698124,0.03875968992248062
1995,Full hierarchy with certificates,0.1,2573,588,258,172,0.2925170068027211,0.6666666666666666,0.22852701127089,2.9172335600907027,0.4876532765625145,0.5184661408757139,0.01937984496124031
1996,Direct full cell,0.05,2533,576,127,97,0.1684027777777778,0.7637795275590551,0.2273983418870904,3.3587735126859144,0.35952909580356246,0.5503187613843351,0.0
1996,Direct full cell,0.1,2533,576,254,169,0.2934027777777778,0.6653543307086615,0.2273983418870904,2.9259418744531938,0.5326045816585666,0.6320076907508602,0.0
1996,EB component,0.05,2533,576,127,71,0.1232638888888889,0.5590551181102362,0.2273983418870904,2.458483705161855,0.29136621376436256,0.21812386156648453,0.0
1996,EB component,0.1,2533,576,254,132,0.22916666666666666,0.5196850393700787,0.2273983418870904,2.2853510498687664,0.5486580160895997,0.3225814612426634,0.0
1996,EB component-phase,0.05,2533,576,127,84,0.14583333333333334,0.6614173228346457,0.2273983418870904,2.908628608923885,0.4295077369782571,0.13949605343047966,0.0
1996,EB component-phase,0.1,2533,576,254,153,0.265625,0.6023622047244095,0.2273983418870904,2.6489296259842523,0.7464799375773253,0.19654422181744585,0.0
1996,EB component-phase-size,0.05,2533,576,127,99,0.171875,0.7795275590551181,0.2273983418870904,3.4280265748031495,0.16727867180886644,0.43083383930378466,0.0
1996,EB component-phase-size,0.1,2533,576,254,175,0.3038194444444444,0.6889763779527559,0.2273983418870904,3.0298214676290462,0.45297506644803437,0.602939688322202,0.0
1996,Full hierarchy,0.05,2533,576,127,102,0.17708333333333334,0.8031496062992126,0.2273983418870904,3.531906167979003,0.17319452625067336,0.5474600283343453,0.023622047244094488
1996,Full hierarchy,0.1,2533,576,254,179,0.3107638888888889,0.7047244094488189,0.2273983418870904,3.0990745297462814,0.501038065548248,0.6932554138838292,0.01968503937007874
1996,Full hierarchy with certificates,0.05,2533,576,127,102,0.17708333333333334,0.8031496062992126,0.2273983418870904,3.531906167979003,0.17319452625067336,0.5474600283343453,0.023622047244094488
1996,Full hierarchy with certificates,0.1,2533,576,254,179,0.3107638888888889,0.7047244094488189,0.2273983418870904,3.0990745297462814,0.501038065548248,0.6932554138838292,0.01968503937007874
1997,Direct full cell,0.05,3246,701,163,116,0.16547788873038516,0.7116564417177914,0.2159581022797289,3.295344949808775,0.44729118492150405,0.12315681650348984,0.0
1997,Direct full cell,0.1,3246,701,325,210,0.2995720399429387,0.6461538461538462,0.2159581022797289,2.9920333589377814,0.734816410200664,0.36253841206317444,0.0
1997,EB component,0.05,3246,701,163,83,0.11840228245363767,0.50920245398773,0.2159581022797289,2.357876127880416,0.1067785709696215,0.1805902951475738,0.0
1997,EB component,0.1,3246,701,325,147,0.20970042796005706,0.4523076923076923,0.2159581022797289,2.094423351256447,0.5043719608983007,0.20317301507896807,0.0
1997,EB component-phase,0.05,3246,701,163,103,0.14693295292439373,0.6319018404907976,0.2159581022797289,2.9260390502612394,0.30445552300971374,0.23130612925510374,0.0
1997,EB component-phase,0.1,3246,701,325,182,0.25962910128388017,0.56,0.2159581022797289,2.593095577746077,0.6039609078688519,0.3017937540198671,0.003076923076923077
1997,EB component-phase-size,0.05,3246,701,163,121,0.17261055634807418,0.7423312883435583,0.2159581022797289,3.4373856804039806,0.2873688785487568,0.28864432216108055,0.0
1997,EB component-phase-size,0.1,3246,701,325,222,0.3166904422253923,0.683076923076923,0.2159581022797289,3.163006693734226,0.606779999552156,0.4179232473379547,0.003076923076923077
1997,Full hierarchy,0.05,3246,701,163,126,0.1797432239657632,0.7730061349693251,0.2159581022797289,3.579426410999186,0.47702158216113705,0.2904547511851164,0.018404907975460124
1997,Full hierarchy,0.1,3246,701,325,227,0.3238231098430813,0.6984615384615385,0.2159581022797289,3.2342455832327444,0.7078045058556269,0.4316920364944377,0.021538461538461538
1997,Full hierarchy with certificates,0.05,3246,701,163,126,0.1797432239657632,0.7730061349693251,0.2159581022797289,3.579426410999186,0.47702158216113705,0.2904547511851164,0.018404907975460124
1997,Full hierarchy with certificates,0.1,3246,701,325,227,0.3238231098430813,0.6984615384615385,0.2159581022797289,3.2342455832327444,0.7078045058556269,0.4316920364944377,0.021538461538461538
1998,Direct full cell,0.05,3348,720,168,126,0.175,0.75,0.21505376344086022,3.4875,0.45659009739014167,0.5637227358635133,0.0
1998,Direct full cell,0.1,3348,720,335,233,0.3236111111111111,0.6955223880597015,0.21505376344086022,3.2341791044776116,0.5738957057465989,0.692159166368698,0.0
1998,EB component,0.05,3348,720,168,91,0.12638888888888888,0.5416666666666666,0.21505376344086022,2.51875,0.09333312872752311,0.17493998058946722,0.0
1998,EB component,0.1,3348,720,335,177,0.24583333333333332,0.5283582089552239,0.21505376344086022,2.456865671641791,0.7473309149816155,0.40218623895387445,0.0
1998,EB component-phase,0.05,3348,720,168,132,0.18333333333333332,0.7857142857142857,0.21505376344086022,3.6535714285714285,0.6711061056820146,0.38391990601215714,0.0
1998,EB component-phase,0.1,3348,720,335,197,0.27361111111111114,0.5880597014925373,0.21505376344086022,2.7344776119402985,0.817364788363089,0.4874291260152219,0.0
1998,EB component-phase-size,0.05,3348,720,168,137,0.19027777777777777,0.8154761904761905,0.21505376344086022,3.7919642857142857,0.7773148022740601,0.4461153394289217,0.0
1998,EB component-phase-size,0.1,3348,720,335,249,0.3458333333333333,0.7432835820895523,0.21505376344086022,3.456268656716418,0.8805468045798787,0.7899473872401287,0.0
1998,Full hierarchy,0.05,3348,720,168,146,0.20277777777777778,0.8690476190476191,0.21505376344086022,4.041071428571429,0.739150303205795,0.6750370332533074,0.005952380952380952
1998,Full hierarchy,0.1,3348,720,335,251,0.3486111111111111,0.7492537313432835,0.21505376344086022,3.4840298507462686,0.8311837669308528,0.7274250395872708,0.0029850746268656717
1998,Full hierarchy with certificates,0.05,3348,720,168,146,0.20277777777777778,0.8690476190476191,0.21505376344086022,4.041071428571429,0.739150303205795,0.6750370332533074,0.005952380952380952
1998,Full hierarchy with certificates,0.1,3348,720,335,251,0.3486111111111111,0.7492537313432835,0.21505376344086022,3.4840298507462686,0.8311837669308528,0.7274250395872708,0.0029850746268656717
1999,Direct full cell,0.05,4898,848,245,162,0.19103773584905662,0.6612244897959184,0.1731318905675786,3.8191952252599153,0.43898950244620655,0.31127690510809713,0.0
1999,Direct full cell,0.1,4898,848,490,314,0.37028301886792453,0.6408163265306123,0.1731318905675786,3.70131882941856,0.6732326161865841,0.7337496722522823,0.0
1999,EB component,0.05,4898,848,245,117,0.13797169811320756,0.4775510204081633,0.1731318905675786,2.7583076626877165,0.48229892369474026,0.20673134221628967,0.0
1999,EB component,0.1,4898,848,490,194,0.22877358490566038,0.39591836734693875,0.1731318905675786,2.2868020793222947,0.6857670124921385,0.2440588277357996,0.0
1999,EB component-phase,0.05,4898,848,245,128,0.1509433962264151,0.5224489795918368,0.1731318905675786,3.0176357335386985,0.5556490864176908,0.18065454198746217,0.004081632653061225
1999,EB component-phase,0.1,4898,848,490,243,0.2865566037735849,0.4959183673469388,0.1731318905675786,2.8643964189449367,0.6691917983777042,0.31170595666579265,0.0020408163265306124
1999,EB component-phase-size,0.05,4898,848,245,167,0.19693396226415094,0.6816326530612244,0.1731318905675786,3.9370716211012704,0.2540018947024772,0.4251185850833075,0.02857142857142857
1999,EB component-phase-size,0.1,4898,848,490,296,0.3490566037735849,0.6040816326530613,0.1731318905675786,3.4891413169041203,0.7312340739400652,0.5358377231664005,0.0163265306122449
1999,Full hierarchy,0.05,4898,848,245,178,0.2099056603773585,0.726530612244898,0.1731318905675786,4.196399691952253,0.4038333915327295,0.4680952494458084,0.044897959183673466
1999,Full hierarchy,0.1,4898,848,490,313,0.36910377358490565,0.6387755102040816,0.1731318905675786,3.6895311898344243,0.6845267375329832,0.6690820680285081,0.022448979591836733
1999,Full hierarchy with certificates,0.05,4898,848,245,178,0.2099056603773585,0.726530612244898,0.1731318905675786,4.196399691952253,0.4038333915327295,0.4680952494458084,0.044897959183673466
1999,Full hierarchy with certificates,0.1,4898,848,490,313,0.36910377358490565,0.6387755102040816,0.1731318905675786,3.6895311898344243,0.6845267375329832,0.6690820680285081,0.022448979591836733
2000,Direct full cell,0.05,5648,893,283,180,0.20156774916013437,0.6360424028268551,0.15810906515580736,4.022807940835473,0.6031990425010251,0.5016087182148418,0.0
2000,Direct full cell,0.1,5648,893,565,336,0.3762597984322508,0.5946902654867257,0.15810906515580736,3.7612660912307128,0.7688962710191262,0.6460968196308103,0.0
2000,EB component,0.05,5648,893,283,129,0.1444568868980963,0.4558303886925795,0.15810906515580736,2.8830123575987563,0.26617938860485635,0.23362740010378827,0.0
2000,EB component,0.1,5648,893,565,209,0.23404255319148937,0.36991150442477877,0.15810906515580736,2.3395970627000566,0.744144139251307,0.28995477796723257,0.0
2000,EB component-phase,0.05,5648,893,283,157,0.17581187010078386,0.5547703180212014,0.15810906515580736,3.5087824817287183,0.6398049127229131,0.21380384016606124,0.0
2000,EB component-phase,0.1,5648,893,565,265,0.2967525195968645,0.4690265486725664,0.15810906515580736,2.9664747445718422,0.7086821526477125,0.3561865223515457,0.0
2000,EB component-phase-size,0.05,5648,893,283,200,0.22396416573348266,0.7067137809187279,0.15810906515580736,4.4697866009283045,0.46670618543949133,0.583556972347839,0.0
2000,EB component-phase-size,0.1,5648,893,565,343,0.3840985442329227,0.6070796460176991,0.15810906515580736,3.8396258014646865,0.7777271821003178,0.693261175772852,0.0
2000,Full hierarchy,0.05,5648,893,283,199,0.22284434490481522,0.7031802120141343,0.15810906515580736,4.447437667923662,0.4989298964391076,0.6412039439543331,0.024734982332155476
2000,Full hierarchy,0.1,5648,893,565,347,0.3885778275475924,0.6141592920353982,0.15810906515580736,3.8844027787412423,0.7375692312421959,0.7196530506338498,0.01415929203539823
2000,Full hierarchy with certificates,0.05,5648,893,283,199,0.22284434490481522,0.7031802120141343,0.15810906515580736,4.447437667923662,0.4989298964391076,0.6412039439543331,0.024734982332155476
2000,Full hierarchy with certificates,0.1,5648,893,565,347,0.3885778275475924,0.6141592920353982,0.15810906515580736,3.8844027787412423,0.7375692312421959,0.7196530506338498,0.01415929203539823
2001,Direct full cell,0.05,5379,777,269,173,0.22265122265122264,0.6431226765799256,0.14445064138315672,4.452196753311995,0.5087868265676809,0.4188068708274928,0.0
2001,Direct full cell,0.1,5379,777,538,317,0.40797940797940796,0.5892193308550185,0.14445064138315672,4.079035753756943,0.8559166188845801,0.6786724002755934,0.0
2001,EB component,0.05,5379,777,269,138,0.1776061776061776,0.5130111524163569,0.14445064138315672,3.551463306110146,0.07566738881488459,0.12905371694661566,0.0
2001,EB component,0.1,5379,777,538,221,0.28442728442728443,0.4107806691449814,0.14445064138315672,2.843744169022979,0.3485491062405184,0.20056544154332281,0.0
2001,EB component-phase,0.05,5379,777,269,135,0.17374517374517376,0.5018587360594795,0.14445064138315672,3.4742575820642734,0.3601366583844383,0.09572117554821696,0.0
2001,EB component-phase,0.1,5379,777,538,246,0.3166023166023166,0.45724907063197023,0.14445064138315672,3.1654346858807823,0.44347113978144104,0.2656624931695612,0.0
2001,EB component-phase-size,0.05,5379,777,269,195,0.25096525096525096,0.724907063197026,0.14445064138315672,5.0183720629817286,0.30567846843778934,0.4365303746644176,0.0037174721189591076
2001,EB component-phase-size,0.1,5379,777,538,312,0.4015444015444015,0.5799256505576208,0.14445064138315672,4.014697650385383,0.6052322920880949,0.548739635551543,0.0018587360594795538
2001,Full hierarchy,0.05,5379,777,269,191,0.24581724581724582,0.7100371747211895,0.14445064138315672,4.9154310975872315,0.5681029913364851,0.48889311254187356,0.011152416356877323
2001,Full hierarchy,0.1,5379,777,538,325,0.41827541827541825,0.604089219330855,0.14445064138315672,4.18197671915144,0.8334213138181913,0.6513268869829655,0.007434944237918215
2001,Full hierarchy with certificates,0.05,5379,777,269,191,0.24581724581724582,0.7100371747211895,0.14445064138315672,4.9154310975872315,0.5681029913364851,0.48889311254187356,0.011152416356877323
2001,Full hierarchy with certificates,0.1,5379,777,538,325,0.41827541827541825,0.604089219330855,0.14445064138315672,4.18197671915144,0.8334213138181913,0.6513268869829655,0.007434944237918215
2002,Direct full cell,0.05,5710,787,286,180,0.22871664548919948,0.6293706293706294,0.13782837127845884,4.566335824277375,0.6701145614791171,0.6056286697712088,0.0
2002,Direct full cell,0.1,5710,787,571,318,0.4040660736975858,0.5569176882661997,0.13782837127845884,4.040660736975858,0.8531258797596477,0.833225349260984,0.0
2002,EB component,0.05,5710,787,286,134,0.17026683608640406,0.46853146853146854,0.13782837127845884,3.3993833358509344,0.21766723129147533,0.31698724438145376,0.0
2002,EB component,0.1,5710,787,571,227,0.2884371029224905,0.3975481611208406,0.13782837127845884,2.8843710292249045,0.45745431038157164,0.3455962745495039,0.0
2002,EB component-phase,0.05,5710,787,286,129,0.1639135959339263,0.45104895104895104,0.13782837127845884,3.2725406740654517,0.35728229188208444,0.14316663292164405,0.0
2002,EB component-phase,0.1,5710,787,571,245,0.3113087674714104,0.4290718038528897,0.13782837127845884,3.1130876747141043,0.6563306386048663,0.3775865559829925,0.0
2002,EB component-phase-size,0.05,5710,787,286,177,0.22490470139771285,0.6188811188811189,0.13782837127845884,4.490230227206085,0.7174175439925867,0.6517311196598502,0.0
2002,EB component-phase-size,0.1,5710,787,571,301,0.38246505717916135,0.5271453590192644,0.13782837127845884,3.8246505717916133,0.8632848376927315,0.7524802591617736,0.0035026269702276708
2002,Full hierarchy,0.05,5710,787,286,184,0.2337992376111817,0.6433566433566433,0.13782837127845884,4.667809953705761,0.6822981439998484,0.7786191536748329,0.02097902097902098
2002,Full hierarchy,0.1,5710,787,571,322,0.409148665819568,0.563922942206655,0.13782837127845884,4.09148665819568,0.8635214223283064,0.8231828305324964,0.010507880910683012
2002,Full hierarchy with certificates,0.05,5710,787,286,184,0.2337992376111817,0.6433566433566433,0.13782837127845884,4.667809953705761,0.6822981439998484,0.7786191536748329,0.02097902097902098
2002,Full hierarchy with certificates,0.1,5710,787,571,322,0.409148665819568,0.563922942206655,0.13782837127845884,4.09148665819568,0.8635214223283064,0.8231828305324964,0.010507880910683012
2003,Direct full cell,0.05,5953,758,298,163,0.21503957783641162,0.5469798657718121,0.1273307576012095,4.295740291477041,0.4969414880712025,0.5053101104502974,0.0
2003,Direct full cell,0.1,5953,758,596,283,0.3733509234828496,0.4748322147651007,0.1273307576012095,3.7291242407607443,0.5686987336439415,0.6275223024638913,0.0
2003,EB component,0.05,5953,758,298,52,0.06860158311345646,0.174496644295302,0.1273307576012095,1.370420215685927,0.09479709617970003,0.048879566694987255,0.0
2003,EB component,0.1,5953,758,596,74,0.09762532981530343,0.12416107382550336,0.1273307576012095,0.9751066919303712,0.10186253115249105,0.06265930331350893,0.0
2003,EB component-phase,0.05,5953,758,298,69,0.09102902374670185,0.23154362416107382,0.1273307576012095,1.8184422092755572,0.0950807451188663,0.061278674596431604,0.0
2003,EB component-phase,0.1,5953,758,596,170,0.22427440633245382,0.28523489932885904,0.1273307576012095,2.24010996794815,0.5515763969599415,0.17956138487680542,0.0
2003,EB component-phase-size,0.05,5953,758,298,176,0.23218997361477572,0.5906040268456376,0.1273307576012095,4.638345345398523,0.4700991751569638,0.297445836873407,0.0
2003,EB component-phase-size,0.1,5953,758,596,271,0.3575197889182058,0.4546979865771812,0.1273307576012095,3.5709988312585215,0.6248561003807881,0.47047578589634664,0.0
2003,Full hierarchy,0.05,5953,758,298,173,0.22823218997361477,0.5805369127516778,0.1273307576012095,4.559282640647411,0.46712768404286537,0.5367725148683092,0.010067114093959731
2003,Full hierarchy,0.1,5953,758,596,307,0.4050131926121372,0.5151006711409396,0.1273307576012095,4.045375059765189,0.6149224268427859,0.6837563721325404,0.013422818791946308
2003,Full hierarchy with certificates,0.05,5953,758,298,173,0.22823218997361477,0.5805369127516778,0.1273307576012095,4.559282640647411,0.46712768404286537,0.5367725148683092,0.010067114093959731
2003,Full hierarchy with certificates,0.1,5953,758,596,307,0.4050131926121372,0.5151006711409396,0.1273307576012095,4.045375059765189,0.6149224268427859,0.6837563721325404,0.013422818791946308
2004,Direct full cell,0.05,6550,748,328,194,0.25935828877005346,0.5914634146341463,0.11419847328244274,5.179258510499543,0.44569409932273596,0.7141707743385338,0.0
2004,Direct full cell,0.1,6550,748,655,362,0.4839572192513369,0.5526717557251909,0.11419847328244274,4.839572192513369,0.7195993664463933,0.8235381158039785,0.0
2004,EB component,0.05,6550,748,328,135,0.1804812834224599,0.4115853658536585,0.11419847328244274,3.604123190296074,0.47794787904454206,0.26440151297962655,0.0
2004,EB component,0.1,6550,748,655,213,0.28475935828877,0.3251908396946565,0.11419847328244274,2.8475935828877006,0.5697537295023087,0.3093654918570993,0.0
2004,EB component-phase,0.05,6550,748,328,155,0.2072192513368984,0.4725609756097561,0.11419847328244274,4.138067366636233,0.4390774897900258,0.35802868742543764,0.0
2004,EB component-phase,0.1,6550,748,655,250,0.3342245989304813,0.3816793893129771,0.11419847328244274,3.3422459893048133,0.6801032344688691,0.5552524252989429,0.0
2004,EB component-phase-size,0.05,6550,748,328,203,0.2713903743315508,0.6189024390243902,0.11419847328244274,5.4195333898526155,0.32089193689142337,0.7027956830141218,0.006097560975609756
2004,EB component-phase-size,0.1,6550,748,655,341,0.45588235294117646,0.5206106870229008,0.11419847328244274,4.558823529411765,0.709316157445116,0.7684012910266251,0.0030534351145038168
2004,Full hierarchy,0.05,6550,748,328,218,0.2914438502673797,0.6646341463414634,0.11419847328244274,5.819991522107735,0.32206001904198767,0.7207183878813661,0.024390243902439025
2004,Full hierarchy,0.1,6550,748,655,370,0.4946524064171123,0.5648854961832062,0.11419847328244274,4.946524064171124,0.7071053472381597,0.8174159121805957,0.016793893129770993
2004,Full hierarchy with certificates,0.05,6550,748,328,218,0.2914438502673797,0.6646341463414634,0.11419847328244274,5.819991522107735,0.32206001904198767,0.7207183878813661,0.024390243902439025
2004,Full hierarchy with certificates,0.1,6550,748,655,370,0.4946524064171123,0.5648854961832062,0.11419847328244274,4.946524064171124,0.7071053472381597,0.8174159121805957,0.016793893129770993
2005,Direct full cell,0.05,6927,726,347,214,0.29476584022038566,0.6167146974063401,0.10480727587700303,5.884273703765452,0.5964892376549182,0.641856909552104,0.0
2005,Direct full cell,0.1,6927,726,693,371,0.5110192837465565,0.5353535353535354,0.10480727587700303,5.107980632774021,0.6898400171978274,0.7994718371034435,0.0
2005,EB component,0.05,6927,726,347,126,0.17355371900826447,0.3631123919308357,0.10480727587700303,3.464572367637602,0.3187076107004354,0.2304458111817645,0.0
2005,EB component,0.1,6927,726,693,206,0.2837465564738292,0.2972582972582973,0.10480727587700303,2.836237224666977,0.7669930368284912,0.33163070294311825,0.0
2005,EB component-phase,0.05,6927,726,347,165,0.22727272727272727,0.4755043227665706,0.10480727587700303,4.5369400052397175,0.6800288515383491,0.227631258904062,0.0
2005,EB component-phase,0.1,6927,726,693,256,0.3526170798898072,0.3694083694083694,0.10480727587700303,3.5246443180327476,0.7346161348195442,0.5488376941519858,0.0
2005,EB component-phase-size,0.05,6927,726,347,223,0.3071625344352617,0.6426512968299711,0.10480727587700303,6.131743158596708,0.4174025712678804,0.7204906355328539,0.0
2005,EB component-phase-size,0.1,6927,726,693,363,0.5,0.5238095238095238,0.10480727587700303,4.997835497835498,0.7157959102040623,0.8175405677751137,0.0
2005,Full hierarchy,0.05,6927,726,347,228,0.3140495867768595,0.6570605187319885,0.10480727587700303,6.269226189058518,0.39444229129238906,0.6967928003057785,0.008645533141210375
2005,Full hierarchy,0.1,6927,726,693,381,0.5247933884297521,0.5497835497835498,0.10480727587700303,5.245662051447176,0.6895742576455264,0.8666736161784635,0.01443001443001443
2005,Full hierarchy with certificates,0.05,6927,726,347,228,0.3140495867768595,0.6570605187319885,0.10480727587700303,6.269226189058518,0.39444229129238906,0.6967928003057785,0.008645533141210375
2005,Full hierarchy with certificates,0.1,6927,726,693,381,0.5247933884297521,0.5497835497835498,0.10480727587700303,5.245662051447176,0.6895742576455264,0.8666736161784635,0.01443001443001443
2006,Direct full cell,0.05,6752,696,338,205,0.29454022988505746,0.606508875739645,0.10308056872037914,5.8838332313133375,0.4197443873748839,0.5512630969981359,0.0
2006,Direct full cell,0.1,6752,696,676,335,0.4813218390804598,0.49556213017751477,0.10308056872037914,4.807522274365776,0.6245147530102321,0.8674423089284566,0.0
2006,EB component,0.05,6752,696,338,122,0.1752873563218391,0.3609467455621302,0.10308056872037914,3.501598313269401,0.39896975639035054,0.3847014205823745,0.0
2006,EB component,0.1,6752,696,676,201,0.28879310344827586,0.2973372781065089,0.10308056872037914,2.884513364619466,0.5689603109649202,0.4896573889567397,0.0
2006,EB component-phase,0.05,6752,696,338,159,0.22844827586206898,0.47041420118343197,0.10308056872037914,4.563558457457662,0.17862148881052836,0.5402069807803561,0.0
2006,EB component-phase,0.1,6752,696,676,247,0.35488505747126436,0.36538461538461536,0.10308056872037914,3.5446507515473034,0.6818290265316518,0.6865591052259433,0.0
2006,EB component-phase-size,0.05,6752,696,338,202,0.29022988505747127,0.5976331360946746,0.10308056872037914,5.797728354757533,0.5216807723817604,0.6530050780998907,0.0
2006,EB component-phase-size,0.1,6752,696,676,323,0.4640804597701149,0.47781065088757396,0.10308056872037914,4.635312521254166,0.6172320968643026,0.8257118981808832,0.0
2006,Full hierarchy,0.05,6752,696,338,210,0.3017241379310345,0.621301775147929,0.10308056872037914,6.027341358906345,0.4304817904877759,0.7744423732082021,0.005917159763313609
2006,Full hierarchy,0.1,6752,696,676,347,0.4985632183908046,0.5133136094674556,0.10308056872037914,4.979732027477386,0.6195082248154447,0.8654882046667095,0.010355029585798817
2006,Full hierarchy with certificates,0.05,6752,696,338,210,0.3017241379310345,0.621301775147929,0.10308056872037914,6.027341358906345,0.4304817904877759,0.7744423732082021,0.005917159763313609
2006,Full hierarchy with certificates,0.1,6752,696,676,347,0.4985632183908046,0.5133136094674556,0.10308056872037914,4.979732027477386,0.6195082248154447,0.8654882046667095,0.010355029585798817
2007,Direct full cell,0.05,6847,672,343,210,0.3125,0.6122448979591837,0.09814517306849715,6.238155976676385,0.7378217166179527,0.6629478759664145,0.0
2007,Direct full cell,0.1,6847,672,685,345,0.5133928571428571,0.5036496350364964,0.09814517306849715,5.131680135557874,0.8193926414395578,0.8061351733311165,0.0
2007,EB component,0.05,6847,672,343,107,0.15922619047619047,0.3119533527696793,0.09814517306849715,3.178488997639872,0.6322938327177713,0.30107240834649596,0.0
2007,EB component,0.1,6847,672,685,178,0.2648809523809524,0.25985401459854013,0.09814517306849715,2.6476494612443515,0.7868218492058782,0.3350569457145232,0.0
2007,EB component-phase,0.05,6847,672,343,147,0.21875,0.42857142857142855,0.09814517306849715,4.366709183673469,0.7291232154862697,0.3826086956521739,0.0
2007,EB component-phase,0.1,6847,672,685,225,0.33482142857142855,0.3284671532846715,0.09814517306849715,3.3467479144942645,0.7601590942300998,0.4555158367279076,0.00145985401459854
2007,EB component-phase-size,0.05,6847,672,343,207,0.3080357142857143,0.6034985422740525,0.09814517306849715,6.149039462723866,0.7371634843829126,0.5487904231440685,0.0029154518950437317
2007,EB component-phase-size,0.1,6847,672,685,331,0.49255952380952384,0.4832116788321168,0.09814517306849715,4.923438043100452,0.83914225504294,0.7821265275584005,0.00291970802919708
2007,Full hierarchy,0.05,6847,672,343,223,0.3318452380952381,0.6501457725947521,0.09814517306849715,6.624327537137304,0.713933980063913,0.6879707373846538,0.014577259475218658
2007,Full hierarchy,0.1,6847,672,685,347,0.5163690476190477,0.5065693430656935,0.09814517306849715,5.161429005908933,0.8322657749260961,0.827333942971153,0.017518248175182483
2007,Full hierarchy with certificates,0.05,6847,672,343,223,0.3318452380952381,0.6501457725947521,0.09814517306849715,6.624327537137304,0.713933980063913,0.6879707373846538,0.014577259475218658
2007,Full hierarchy with certificates,0.1,6847,672,685,347,0.5163690476190477,0.5065693430656935,0.09814517306849715,5.161429005908933,0.8322657749260961,0.827333942971153,0.017518248175182483
2008,Direct full cell,0.05,6390,628,320,205,0.32643312101910826,0.640625,0.09827856025039124,6.518461385350318,0.7624233292909415,0.7359760484600923,0.0
2008,Direct full cell,0.1,6390,628,639,334,0.5318471337579618,0.5226917057902973,0.09827856025039124,5.318471337579618,0.8494071585370127,0.8428064149279365,0.0
2008,EB component,0.05,6390,628,320,107,0.17038216560509553,0.334375,0.09827856025039124,3.402318869426751,0.44065037482208763,0.3135748601666396,0.0
2008,EB component,0.1,6390,628,639,176,0.2802547770700637,0.27543035993740217,0.09827856025039124,2.8025477707006368,0.7374692628651947,0.42435073223942255,0.0
2008,EB component-phase,0.05,6390,628,320,147,0.2340764331210191,0.459375,0.09827856025039124,4.67421377388535,0.7215670566485043,0.37955763919511687,0.0
2008,EB component-phase,0.1,6390,628,639,237,0.37738853503184716,0.37089201877934275,0.09827856025039124,3.7738853503184715,0.7805716390459456,0.5959570171977626,0.0
2008,EB component-phase-size,0.05,6390,628,320,200,0.3184713375796178,0.625,0.09827856025039124,6.359474522292993,0.7827095666047599,0.6734978067630608,0.0
2008,EB component-phase-size,0.1,6390,628,639,319,0.5079617834394905,0.49921752738654146,0.09827856025039124,5.079617834394904,0.8439813856379994,0.7660083087706269,0.0
2008,Full hierarchy,0.05,6390,628,320,210,0.3343949044585987,0.65625,0.09827856025039124,6.677448248407643,0.7437787664453624,0.7812797363473901,0.003125
2008,Full hierarchy,0.1,6390,628,639,339,0.5398089171974523,0.5305164319248826,0.09827856025039124,5.398089171974522,0.8578237143704501,0.881611622995335,0.012519561815336464
2008,Full hierarchy with certificates,0.05,6390,628,320,210,0.3343949044585987,0.65625,0.09827856025039124,6.677448248407643,0.7437787664453624,0.7812797363473901,0.003125
2008,Full hierarchy with certificates,0.1,6390,628,639,339,0.5398089171974523,0.5305164319248826,0.09827856025039124,5.398089171974522,0.8578237143704501,0.881611622995335,0.012519561815336464
2009,Direct full cell,0.05,8623,745,432,248,0.33288590604026846,0.5740740740740741,0.08639684564536704,6.644618443947303,0.8605312923169539,0.6149191117968995,0.0
2009,Direct full cell,0.1,8623,745,863,393,0.5275167785234899,0.45538818076477405,0.08639684564536704,5.27088897011362,0.916144470887345,0.8490247607107554,0.0
2009,EB component,0.05,8623,745,432,152,0.2040268456375839,0.35185185185185186,0.08639684564536704,4.072508078548347,0.6275596079100961,0.24644983967017867,0.0
2009,EB component,0.1,8623,745,863,211,0.2832214765100671,0.24449594438006952,0.08639684564536704,2.8299174877709254,0.8722245096274055,0.31130506063601515,0.0
2009,EB component-phase,0.05,8623,745,432,164,0.22013422818791947,0.37962962962962965,0.08639684564536704,4.394021874223217,0.8578713759685392,0.2185428068568122,0.0
2009,EB component-phase,0.1,8623,745,863,262,0.3516778523489933,0.30359212050984935,0.08639684564536704,3.5139259800757463,0.875888592489227,0.41823179111314707,0.0
2009,EB component-phase-size,0.05,8623,745,432,243,0.3261744966442953,0.5625,0.08639684564536704,6.5106543624161075,0.860884227830227,0.6275526195240736,0.0023148148148148147
2009,EB component-phase-size,0.1,8623,745,863,383,0.5140939597315436,0.44380069524913096,0.08639684564536704,5.136769657896989,0.8906349169055859,0.7111531692263182,0.0034762456546929316
2009,Full hierarchy,0.05,8623,745,432,265,0.35570469798657717,0.6134259259259259,0.08639684564536704,7.1000963211533685,0.8519223474627731,0.6252380837572631,0.018518518518518517
2009,Full hierarchy,0.1,8623,745,863,402,0.5395973154362416,0.46581691772885286,0.08639684564536704,5.391596351108588,0.9051251640131928,0.8641054078163801,0.01853997682502897
2009,Full hierarchy with certificates,0.05,8623,745,432,265,0.35570469798657717,0.6134259259259259,0.08639684564536704,7.1000963211533685,0.8519223474627731,0.6252380837572631,0.018518518518518517
2009,Full hierarchy with certificates,0.1,8623,745,863,402,0.5395973154362416,0.46581691772885286,0.08639684564536704,5.391596351108588,0.9051251640131928,0.8641054078163801,0.01853997682502897
2010,Direct full cell,0.05,8342,730,418,234,0.32054794520547947,0.5598086124401914,0.08750899064972428,6.397155404076818,0.5193914585832317,0.7218997512366683,0.0
2010,Direct full cell,0.1,8342,730,835,368,0.5041095890410959,0.4407185628742515,0.08750899064972428,5.0362660979411045,0.6247765942819224,0.831069682326366,0.0
2010,EB component,0.05,8342,730,418,124,0.16986301369863013,0.2966507177033493,0.08750899064972428,3.389945598741561,0.36696361592322047,0.2987733394332771,0.0
2010,EB component,0.1,8342,730,835,185,0.2534246575342466,0.2215568862275449,0.08750899064972428,2.531818554671479,0.7239619791333722,0.4197809738941469,0.0
2010,EB component-phase,0.05,8342,730,418,168,0.23013698630136986,0.4019138755980861,0.08750899064972428,4.5928295208756635,0.4248267115330724,0.3654247562405284,0.0
2010,EB component-phase,0.1,8342,730,835,266,0.3643835616438356,0.318562874251497,0.08750899064972428,3.6403445164465587,0.5166805263542708,0.4536928487690504,0.0
2010,EB component-phase-size,0.05,8342,730,418,236,0.3232876712328767,0.5645933014354066,0.08750899064972428,6.451831945992003,0.542678122919343,0.6405226889314614,0.0
2010,EB component-phase-size,0.1,8342,730,835,363,0.49726027397260275,0.4347305389221557,0.08750899064972428,4.96783856943647,0.5838266159972538,0.7386269407828897,0.029940119760479042
2010,Full hierarchy,0.05,8342,730,418,245,0.3356164383561644,0.5861244019138756,0.08750899064972428,6.6978763846103435,0.5228521279814856,0.6974523203614217,0.011961722488038277
2010,Full hierarchy,0.1,8342,730,835,382,0.5232876712328767,0.45748502994011975,0.08750899064972428,5.227863177754081,0.5876262093558879,0.7878649243702285,0.05029940119760479
2010,Full hierarchy with certificates,0.05,8342,730,418,245,0.3356164383561644,0.5861244019138756,0.08750899064972428,6.6978763846103435,0.5228521279814856,0.6974523203614217,0.011961722488038277
2010,Full hierarchy with certificates,0.1,8342,730,835,382,0.5232876712328767,0.45748502994011975,0.08750899064972428,5.227863177754081,0.5876262093558879,0.7878649243702285,0.05029940119760479
2011,Direct full cell,0.05,8464,645,424,218,0.33798449612403103,0.5141509433962265,0.07620510396975426,6.746935790551412,0.6976916012924599,0.52997376226329,0.0
2011,Direct full cell,0.1,8464,645,847,344,0.5333333333333333,0.40613931523022434,0.07620510396975426,5.329555293191657,0.7937394696628738,0.791866301619895,0.0
2011,EB component,0.05,8464,645,424,125,0.1937984496124031,0.294811320754717,0.07620510396975426,3.8686558432060845,0.664245779019253,0.33267738991558293,0.0
2011,EB component,0.1,8464,645,847,185,0.2868217054263566,0.21841794569067297,0.07620510396975426,2.8661852594199315,0.8404571460128485,0.45137462924937255,0.0
2011,EB component-phase,0.05,8464,645,424,150,0.23255813953488372,0.35377358490566035,0.07620510396975426,4.642387011847301,0.5539413677442567,0.25986767054528864,0.0
2011,EB component-phase,0.1,8464,645,847,224,0.34728682170542635,0.2644628099173554,0.07620510396975426,3.4704080978922414,0.6027977338631832,0.48189025781428246,0.0
2011,EB component-phase-size,0.05,8464,645,424,208,0.32248062015503876,0.49056603773584906,0.07620510396975426,6.437443323094924,0.7142757723955779,0.5022245037645449,0.0
2011,EB component-phase-size,0.1,8464,645,847,319,0.4945736434108527,0.37662337662337664,0.07620510396975426,4.942232960837612,0.7998617890668687,0.644906456764773,0.0011806375442739079
2011,Full hierarchy,0.05,8464,645,424,239,0.3705426356589147,0.5636792452830188,0.07620510396975426,7.396869972210032,0.7211169738369796,0.6015286333561488,0.018867924528301886
2011,Full hierarchy,0.1,8464,645,847,352,0.5457364341085271,0.4155844155844156,0.07620510396975426,5.453498439544951,0.7870074282382843,0.8048425735797399,0.01770956316410862
2011,Full hierarchy with certificates,0.05,8464,645,424,239,0.3705426356589147,0.5636792452830188,0.07620510396975426,7.396869972210032,0.7211169738369796,0.6015286333561488,0.018867924528301886
2011,Full hierarchy with certificates,0.1,8464,645,847,352,0.5457364341085271,0.4155844155844156,0.07620510396975426,5.453498439544951,0.7870074282382843,0.8048425735797399,0.01770956316410862
2012,Direct full cell,0.05,9097,776,455,227,0.2925257731958763,0.4989010989010989,0.08530284709244806,5.848586722555795,0.6457972382154769,0.6632231007483503,0.0
2012,Direct full cell,0.1,9097,776,910,393,0.5064432989690721,0.4318681318681319,0.08530284709244806,5.062763396397417,0.8261226405668503,0.8540620611377234,0.0
2012,EB component,0.05,9097,776,455,118,0.15206185567010308,0.25934065934065936,0.08530284709244806,3.0402345077602813,0.27757769279737027,0.23281583655566457,0.0
2012,EB component,0.1,9097,776,910,181,0.23324742268041238,0.1989010989010989,0.08530284709244806,2.3317052792568256,0.636858572891855,0.3518016198226275,0.0
2012,EB component-phase,0.05,9097,776,455,163,0.21005154639175258,0.35824175824175825,0.08530284709244806,4.199645972584117,0.5870506156083541,0.266385794809642,0.0
2012,EB component-phase,0.1,9097,776,910,257,0.33118556701030927,0.2824175824175824,0.08530284709244806,3.310763849552509,0.6692809308603265,0.3999923048806295,0.0
2012,EB component-phase-size,0.05,9097,776,455,223,0.28737113402061853,0.4901098901098901,0.08530284709244806,5.745527925682564,0.7438955888332777,0.545757103557069,0.01098901098901099
2012,EB component-phase-size,0.1,9097,776,910,391,0.5038659793814433,0.42967032967032964,0.08530284709244806,5.036998697179109,0.8105588655318288,0.8107193012831612,0.005494505494505495
2012,Full hierarchy,0.05,9097,776,455,237,0.30541237113402064,0.5208791208791209,0.08530284709244806,6.1062337147388694,0.5780178103308934,0.6003154998941921,0.008791208791208791
2012,Full hierarchy,0.1,9097,776,910,399,0.5141752577319587,0.43846153846153846,0.08530284709244806,5.140057494052339,0.7991396472912045,0.8341894153633058,0.023076923076923078
2012,Full hierarchy with certificates,0.05,9097,776,455,237,0.30541237113402064,0.5208791208791209,0.08530284709244806,6.1062337147388694,0.5780178103308934,0.6003154998941921,0.008791208791208791
2012,Full hierarchy with certificates,0.1,9097,776,910,399,0.5141752577319587,0.43846153846153846,0.08530284709244806,5.140057494052339,0.7991396472912045,0.8341894153633058,0.023076923076923078
2013,Direct full cell,0.05,9153,748,458,272,0.36363636363636365,0.5938864628820961,0.08172183983393423,7.267169511710997,0.5030296654623,0.707502264679239,0.0
2013,Direct full cell,0.1,9153,748,916,423,0.5655080213903744,0.46179039301310043,0.08172183983393423,5.65075864605469,0.6875301318309325,0.8317549205303467,0.0
2013,EB component,0.05,9153,748,458,119,0.1590909090909091,0.259825327510917,0.08172183983393423,3.179386661373561,0.4376504119191263,0.24941118339784238,0.0
2013,EB component,0.1,9153,748,916,174,0.232620320855615,0.18995633187772926,0.08172183983393423,2.3244255423487377,0.6165676817992946,0.3077163798072964,0.0
2013,EB component-phase,0.05,9153,748,458,173,0.23128342245989306,0.3777292576419214,0.08172183983393423,4.62213354972795,0.42440324346651254,0.36742155974635593,0.0
2013,EB component-phase,0.1,9153,748,916,272,0.36363636363636365,0.29694323144104806,0.08172183983393423,3.6335847558554986,0.5445914836588024,0.5176809684591946,0.0
2013,EB component-phase-size,0.05,9153,748,458,254,0.339572192513369,0.5545851528384279,0.08172183983393423,6.786253882259532,0.5781517709728669,0.6178374372066211,0.008733624454148471
2013,EB component-phase-size,0.1,9153,748,916,409,0.5467914438502673,0.4465065502183406,0.08172183983393423,5.46373590126801,0.6824027552587411,0.738252491147163,0.004366812227074236
2013,Full hierarchy,0.05,9153,748,458,273,0.3649732620320856,0.5960698689956332,0.08172183983393423,7.293887046680522,0.5183562495951518,0.7242691262455736,0.013100436681222707
2013,Full hierarchy,0.1,9153,748,916,438,0.5855614973262032,0.4781659388646288,0.08172183983393423,5.851140158326133,0.6896610137085512,0.8333031376101457,0.014192139737991267
2013,Full hierarchy with certificates,0.05,9153,748,458,273,0.3649732620320856,0.5960698689956332,0.08172183983393423,7.293887046680522,0.5183562495951518,0.7242691262455736,0.013100436681222707
2013,Full hierarchy with certificates,0.1,9153,748,916,438,0.5855614973262032,0.4781659388646288,0.08172183983393423,5.851140158326133,0.6896610137085512,0.8333031376101457,0.014192139737991267
2014,Direct full cell,0.05,11268,703,564,276,0.39260312944523473,0.48936170212765956,0.062389066382676606,7.843709330831391,0.6533675275779572,0.5625637191599266,0.0
2014,Direct full cell,0.1,11268,703,1127,412,0.5860597439544808,0.36557231588287487,0.062389066382676606,5.8595574045067345,0.7481588729771645,0.8285076689548925,0.0
2014,EB component,0.05,11268,703,564,121,0.1721194879089616,0.21453900709219859,0.062389066382676606,3.4387276414152117,0.6891977017632143,0.22028138381023585,0.0
2014,EB component,0.1,11268,703,1127,186,0.26458036984352773,0.1650399290150843,0.062389066382676606,2.6453341680540112,0.8281541098460125,0.35476562676997664,0.0
2014,EB component-phase,0.05,11268,703,564,160,0.22759601706970128,0.28368794326241137,0.062389066382676606,4.547077872945734,0.6194013764475033,0.39752826298738075,0.0
2014,EB component-phase,0.1,11268,703,1127,259,0.3684210526315789,0.22981366459627328,0.062389066382676606,3.6835567178816606,0.6773967535530694,0.6002514782845103,0.0
2014,EB component-phase-size,0.05,11268,703,564,254,0.3613086770981508,0.450354609929078,0.062389066382676606,7.218486123301353,0.6929379701222032,0.55418110967625,0.0
2014,EB component-phase-size,0.1,11268,703,1127,394,0.5604551920341394,0.34960070984915703,0.062389066382676606,5.603557323727314,0.7431814860297798,0.6476585332698974,0.0
2014,Full hierarchy,0.05,11268,703,564,271,0.38549075391180654,0.4804964539007092,0.062389066382676606,7.701613147301837,0.7003317690587776,0.6035252271234056,0.0070921985815602835
2014,Full hierarchy,0.1,11268,703,1127,420,0.5974395448079659,0.37267080745341613,0.062389066382676606,5.9733352181864765,0.7519177938598729,0.8348739210222252,0.00709849157054126
2014,Full hierarchy with certificates,0.05,11268,703,564,271,0.38549075391180654,0.4804964539007092,0.062389066382676606,7.701613147301837,0.7003317690587776,0.6035252271234056,0.0070921985815602835
2014,Full hierarchy with certificates,0.1,11268,703,1127,420,0.5974395448079659,0.37267080745341613,0.062389066382676606,5.9733352181864765,0.7519177938598729,0.8348739210222252,0.00709849157054126
2015,Direct full cell,0.05,11011,685,551,264,0.3854014598540146,0.4791288566243194,0.0622105167559713,7.701734073416615,0.5769697111661972,0.6798770863320812,0.0
2015,Direct full cell,0.1,11011,685,1102,385,0.5620437956204379,0.34936479128856623,0.0622105167559713,5.615847761866282,0.8144319559834236,0.7696874737534138,0.0
2015,EB component,0.05,11011,685,551,137,0.2,0.24863883847549909,0.0622105167559713,3.996733212341198,0.5935764221903748,0.23098443885160866,0.0
2015,EB component,0.1,11011,685,1102,197,0.2875912408759124,0.17876588021778583,0.0622105167559713,2.8735636599679415,0.8158859983904445,0.32626859706385775,0.0
2015,EB component-phase,0.05,11011,685,551,188,0.27445255474452557,0.3411978221415608,0.0622105167559713,5.48456820379668,0.6280399279844305,0.27113990552677075,0.0
2015,EB component-phase,0.1,11011,685,1102,282,0.4116788321167883,0.2558983666061706,0.0622105167559713,4.11342615284751,0.6723652374012477,0.5501139644871018,0.0
2015,EB component-phase-size,0.05,11011,685,551,265,0.38686131386861317,0.4809437386569873,0.0622105167559713,7.730907308543193,0.6149669783945102,0.5503311776137255,0.0
2015,EB component-phase-size,0.1,11011,685,1102,386,0.5635036496350365,0.3502722323049002,0.0622105167559713,5.630434379429571,0.8146187355144509,0.7968825572066971,0.0
2015,Full hierarchy,0.05,11011,685,551,277,0.4043795620437956,0.5027223230490018,0.0622105167559713,8.08098613006213,0.5929864142769179,0.705508235273674,0.018148820326678767
2015,Full hierarchy,0.1,11011,685,1102,407,0.5941605839416059,0.36932849364791287,0.0622105167559713,5.93675334825864,0.8165449685337303,0.8056579675222932,0.010889292196007259
2015,Full hierarchy with certificates,0.05,11011,685,551,277,0.4043795620437956,0.5027223230490018,0.0622105167559713,8.08098613006213,0.5929864142769179,0.705508235273674,0.018148820326678767
2015,Full hierarchy with certificates,0.1,11011,685,1102,407,0.5941605839416059,0.36932849364791287,0.0622105167559713,5.93675334825864,0.8165449685337303,0.8056579675222932,0.010889292196007259
2016,Direct full cell,0.05,10452,657,523,243,0.3698630136986301,0.4646271510516252,0.06285878300803674,7.391602713533618,0.47151449127558775,0.4537694043443982,0.0
2016,Direct full cell,0.1,10452,657,1046,363,0.5525114155251142,0.34703632887189295,0.06285878300803674,5.520888446528197,0.6206065018538688,0.6537802789332028,0.0
2016,EB component,0.05,10452,657,523,133,0.2024353120243531,0.25430210325047803,0.06285878300803674,4.045609715637742,0.46622874631257727,0.19911372101242422,0.0
2016,EB component,0.1,10452,657,1046,187,0.2846270928462709,0.17877629063097514,0.06285878300803674,2.844094048211495,0.5833419003390661,0.28763287388195635,0.0
2016,EB component-phase,0.05,10452,657,523,173,0.2633181126331811,0.33078393881453155,0.06285878300803674,5.262334442145333,0.4076580600848801,0.35959546529646846,0.0
2016,EB component-phase,0.1,10452,657,1046,248,0.3774733637747336,0.23709369024856597,0.06285878300803674,3.7718466521735334,0.5990583943503193,0.6703912133322458,0.0
2016,EB component-phase-size,0.05,10452,657,523,235,0.3576864535768645,0.44933078393881454,0.06285878300803674,7.148257768232099,0.4860197004443993,0.5294021694804665,0.0019120458891013384
2016,EB component-phase-size,0.1,10452,657,1046,356,0.5418569254185692,0.3403441682600382,0.06285878300803674,5.414425032958781,0.6685838610725954,0.6471195932903787,0.0009560229445506692
2016,Full hierarchy,0.05,10452,657,523,243,0.3698630136986301,0.4646271510516252,0.06285878300803674,7.391602713533618,0.46758194292196326,0.5671098061604546,0.017208413001912046
2016,Full hierarchy,0.1,10452,657,1046,379,0.5768645357686454,0.36233269598470363,0.06285878300803674,5.764233391829714,0.7062246107320422,0.6777315607753582,0.014340344168260038
2016,Full hierarchy with certificates,0.05,10452,657,523,243,0.3698630136986301,0.4646271510516252,0.06285878300803674,7.391602713533618,0.46758194292196326,0.5671098061604546,0.017208413001912046
2016,Full hierarchy with certificates,0.1,10452,657,1046,379,0.5768645357686454,0.36233269598470363,0.06285878300803674,5.764233391829714,0.7062246107320422,0.6777315607753582,0.014340344168260038
2017,Direct full cell,0.05,11128,768,557,267,0.34765625,0.4793536804308797,0.06901509705248023,6.945635098743268,0.807976095929142,0.490760212984921,0.0
2017,Direct full cell,0.1,11128,768,1113,397,0.5169270833333334,0.35669362084456424,0.06901509705248023,5.168341943695718,0.8819034440717438,0.7033871761600071,0.0
2017,EB component,0.05,11128,768,557,140,0.18229166666666666,0.2513464991023339,0.06901509705248023,3.6419060442848594,0.5795545458474505,0.2582218443778245,0.0
2017,EB component,0.1,11128,768,1113,216,0.28125,0.1940700808625337,0.06901509705248023,2.8119946091644206,0.7948379491003651,0.3586737661640342,0.0
2017,EB component-phase,0.05,11128,768,557,184,0.23958333333333334,0.3303411131059246,0.06901509705248023,4.786505086774388,0.7404173396504332,0.2579086312586693,0.0017953321364452424
2017,EB component-phase,0.1,11128,768,1113,297,0.38671875,0.2668463611859838,0.06901509705248023,3.866492587601078,0.8302618804517647,0.42695422613987205,0.0008984725965858042
2017,EB component-phase-size,0.05,11128,768,557,262,0.3411458333333333,0.4703770197486535,0.06901509705248023,6.8155670257330945,0.7849750504766096,0.3886079914090116,0.005385996409335727
2017,EB component-phase-size,0.1,11128,768,1113,410,0.5338541666666666,0.3683737646001797,0.06901509705248023,5.33758235998802,0.8958127576132923,0.696630721732516,0.0026954177897574125
2017,Full hierarchy,0.05,11128,768,557,279,0.36328125,0.5008976660682226,0.06901509705248023,7.257798473967684,0.7908080036684392,0.42185332677077275,0.01436265709156194
2017,Full hierarchy,0.1,11128,768,1113,413,0.5377604166666666,0.3710691823899371,0.06901509705248023,5.37663784067086,0.872695973414261,0.7097409280057273,0.016172506738544475
2017,Full hierarchy with certificates,0.05,11128,768,557,279,0.36328125,0.5008976660682226,0.06901509705248023,7.257798473967684,0.7908080036684392,0.42185332677077275,0.01436265709156194
2017,Full hierarchy with certificates,0.1,11128,768,1113,413,0.5377604166666666,0.3710691823899371,0.06901509705248023,5.37663784067086,0.872695973414261,0.7097409280057273,0.016172506738544475
2018,Direct full cell,0.05,12760,814,638,310,0.3808353808353808,0.48589341692789967,0.06379310344827586,7.616707616707616,0.5035528920925145,0.6864104800910797,0.0
2018,Direct full cell,0.1,12760,814,1276,465,0.5712530712530712,0.36442006269592475,0.06379310344827586,5.712530712530712,0.5939889587131805,0.7932961719870477,0.0
2018,EB component,0.05,12760,814,638,138,0.16953316953316952,0.21630094043887146,0.06379310344827586,3.3906633906633905,0.30603230537039006,0.21590052193455858,0.0
2018,EB component,0.1,12760,814,1276,218,0.2678132678132678,0.17084639498432602,0.06379310344827586,2.678132678132678,0.6196738085850831,0.38803542649298417,0.0
2018,EB component-phase,0.05,12760,814,638,187,0.22972972972972974,0.29310344827586204,0.06379310344827586,4.594594594594594,0.3941297579008564,0.3917318468794819,0.0
2018,EB component-phase,0.1,12760,814,1276,305,0.3746928746928747,0.2390282131661442,0.06379310344827586,3.746928746928747,0.6352088346206879,0.6479972794345955,0.0
2018,EB component-phase-size,0.05,12760,814,638,282,0.3464373464373464,0.44200626959247646,0.06379310344827586,6.928746928746928,0.44697687945813075,0.367335472328597,0.0
2018,EB component-phase-size,0.1,12760,814,1276,460,0.5651105651105651,0.3605015673981191,0.06379310344827586,5.6511056511056506,0.7038619267920057,0.7742965712004495,0.0
2018,Full hierarchy,0.05,12760,814,638,313,0.3845208845208845,0.49059561128526646,0.06379310344827586,7.69041769041769,0.4791121869056382,0.5366315260301924,0.01567398119122257
2018,Full hierarchy,0.1,12760,814,1276,479,0.5884520884520884,0.37539184952978055,0.06379310344827586,5.884520884520884,0.6207757368912457,0.7981310898525867,0.017241379310344827
2018,Full hierarchy with certificates,0.05,12760,814,638,313,0.3845208845208845,0.49059561128526646,0.06379310344827586,7.69041769041769,0.4791121869056382,0.5366315260301924,0.01567398119122257
2018,Full hierarchy with certificates,0.1,12760,814,1276,479,0.5884520884520884,0.37539184952978055,0.06379310344827586,5.884520884520884,0.6207757368912457,0.7981310898525867,0.017241379310344827
2019,Direct full cell,0.05,13667,863,684,327,0.37891077636152953,0.4780701754385965,0.06314480134630862,7.571014006627229,0.5886355476477187,0.3944269209860416,0.0
2019,Direct full cell,0.1,13667,863,1367,510,0.5909617612977984,0.37307973664959765,0.06314480134630862,5.908320696164602,0.7529855367576826,0.7753168888767213,0.0
2019,EB component,0.05,13667,863,684,126,0.14600231749710313,0.18421052631578946,0.06314480134630862,2.9172714520948957,0.23883484393347892,0.361408292887062,0.0
2019,EB component,0.1,13667,863,1367,203,0.23522595596755505,0.1485003657644477,0.06314480134630862,2.3517433359243416,0.7457442523860831,0.5482045570986627,0.0
2019,EB component-phase,0.05,13667,863,684,182,0.21089223638470453,0.26608187134502925,0.06314480134630862,4.21383654191485,0.3065613286104571,0.37563944870526306,0.0
2019,EB component-phase,0.1,13667,863,1367,305,0.35341830822711473,0.22311631309436722,0.06314480134630862,3.533407475157262,0.38429193168189435,0.5632990664440003,0.0
2019,EB component-phase-size,0.05,13667,863,684,313,0.3626882966396292,0.45760233918128657,0.06314480134630862,7.246872734172241,0.6123417147242829,0.5718641591933951,0.0
2019,EB component-phase-size,0.1,13667,863,1367,480,0.5561993047508691,0.3511338697878566,0.06314480134630862,5.560772419919625,0.6550676898383941,0.7071603588734752,0.0
2019,Full hierarchy,0.05,13667,863,684,334,0.3870220162224797,0.48830409356725146,0.06314480134630862,7.733084642854723,0.33787066650224534,0.4354777679133635,0.005847953216374269
2019,Full hierarchy,0.1,13667,863,1367,513,0.5944380069524913,0.37527432333577176,0.06314480134630862,5.9430755237890995,0.6605599150707433,0.7605479703858985,0.005120702267739576
2019,Full hierarchy with certificates,0.05,13667,863,684,334,0.3870220162224797,0.48830409356725146,0.06314480134630862,7.733084642854723,0.33787066650224534,0.4354777679133635,0.005847953216374269
2019,Full hierarchy with certificates,0.1,13667,863,1367,513,0.5944380069524913,0.37527432333577176,0.06314480134630862,5.9430755237890995,0.6605599150707433,0.7605479703858985,0.005120702267739576
2020,Direct full cell,0.05,8269,558,414,205,0.3673835125448029,0.49516908212560384,0.0674809529568267,7.337908853219746,0.6504897045156379,0.5919736331911593,0.0
2020,Direct full cell,0.1,8269,558,827,306,0.5483870967741935,0.37001209189842804,0.0674809529568267,5.483207863634591,0.8493790297493803,0.7193977357748662,0.0
2020,EB component,0.05,8269,558,414,65,0.11648745519713262,0.1570048309178744,0.0674809529568267,2.3266540266306515,0.030825771364313494,0.149297959139092,0.0
2020,EB component,0.1,8269,558,827,129,0.23118279569892472,0.15598548972188633,0.0674809529568267,2.311548413100857,0.6724889118493229,0.2449824967642224,0.0
2020,EB component-phase,0.05,8269,558,414,119,0.2132616487455197,0.28743961352657005,0.0674809529568267,4.259566602600731,0.6436107520524309,0.3142445210229972,0.0
2020,EB component-phase,0.1,8269,558,827,168,0.3010752688172043,0.20314389359129384,0.0674809529568267,3.01038863101507,0.6532812448677151,0.5073590047458071,0.0
2020,EB component-phase-size,0.05,8269,558,414,196,0.35125448028673834,0.47342995169082125,0.0674809529568267,7.015756757224733,0.6694784946392378,0.6232937758384349,0.0
2020,EB component-phase-size,0.1,8269,558,827,303,0.543010752688172,0.36638452237001207,0.0674809529568267,5.429450923795036,0.8684609255598901,0.7201404627844616,0.0
2020,Full hierarchy,0.05,8269,558,414,209,0.37455197132616486,0.5048309178743962,0.0674809529568267,7.481087562550864,0.6483599270225309,0.6592193720680032,0.021739130434782608
2020,Full hierarchy,0.1,8269,558,827,320,0.5734767025089605,0.38694074969770254,0.0674809529568267,5.734073582885847,0.8523548493209444,0.7236847997640748,0.019347037484885126
2020,Full hierarchy with certificates,0.05,8269,558,414,209,0.37455197132616486,0.5048309178743962,0.0674809529568267,7.481087562550864,0.6483599270225309,0.6592193720680032,0.021739130434782608
2020,Full hierarchy with certificates,0.1,8269,558,827,320,0.5734767025089605,0.38694074969770254,0.0674809529568267,5.734073582885847,0.8523548493209444,0.7236847997640748,0.019347037484885126
2021,Direct full cell,0.05,11800,753,590,304,0.4037184594953519,0.5152542372881356,0.06381355932203389,8.074369189907038,0.8532780374112329,0.6144784815633173,0.0
2021,Direct full cell,0.1,11800,753,1180,436,0.5790172642762285,0.3694915254237288,0.06381355932203389,5.790172642762285,0.9138590151532334,0.8143698341323069,0.0
2021,EB component,0.05,11800,753,590,90,0.11952191235059761,0.15254237288135594,0.06381355932203389,2.3904382470119527,0.3720334707303048,0.24208860418739486,0.0
2021,EB component,0.1,11800,753,1180,190,0.25232403718459495,0.16101694915254236,0.06381355932203389,2.5232403718459495,0.8652410122320504,0.3851513741907976,0.0
2021,EB component-phase,0.05,11800,753,590,178,0.23638778220451528,0.3016949152542373,0.06381355932203389,4.727755644090307,0.7615907471396625,0.4287683645385124,0.0
2021,EB component-phase,0.1,11800,753,1180,280,0.37184594953519257,0.23728813559322035,0.06381355932203389,3.7184594953519263,0.7873699484146985,0.6352692819578505,0.0
2021,EB component-phase-size,0.05,11800,753,590,299,0.39707835325365204,0.5067796610169492,0.06381355932203389,7.941567065073042,0.8689046708500202,0.6669878172741881,0.0
2021,EB component-phase-size,0.1,11800,753,1180,421,0.5590969455511288,0.35677966101694913,0.06381355932203389,5.5909694555112885,0.916316460259899,0.7997444254930594,0.0
2021,Full hierarchy,0.05,11800,753,590,318,0.42231075697211157,0.5389830508474577,0.06381355932203389,8.446215139442232,0.8628410663226126,0.6466931447670491,0.00847457627118644
2021,Full hierarchy,0.1,11800,753,1180,452,0.600265604249668,0.38305084745762713,0.06381355932203389,6.002656042496681,0.9008829182495265,0.7653398543327609,0.011016949152542373
2021,Full hierarchy with certificates,0.05,11800,753,590,318,0.42231075697211157,0.5389830508474577,0.06381355932203389,8.446215139442232,0.8628410663226126,0.6466931447670491,0.00847457627118644
2021,Full hierarchy with certificates,0.1,11800,753,1180,452,0.600265604249668,0.38305084745762713,0.06381355932203389,6.002656042496681,0.9008829182495265,0.7653398543327609,0.011016949152542373
2022,Direct full cell,0.05,13370,776,669,299,0.3853092783505155,0.4469357249626308,0.058040388930441285,7.700426086018523,0.411154408378658,0.6625934730894241,0.0
2022,Direct full cell,0.1,13370,776,1337,429,0.5528350515463918,0.32086761406133135,0.058040388930441285,5.528350515463918,0.8509349469470686,0.7677590300507842,0.0
2022,EB component,0.05,13370,776,669,125,0.16108247422680413,0.18684603886397608,0.058040388930441285,3.2192416747569075,0.12147020963047363,0.42715021431112327,0.0
2022,EB component,0.1,13370,776,1337,195,0.25128865979381443,0.14584891548242335,0.058040388930441285,2.5128865979381447,0.44827087081554334,0.5872646557653768,0.0
2022,EB component-phase,0.05,13370,776,669,160,0.20618556701030927,0.23916292974588937,0.058040388930441285,4.120629343688842,0.31859888011617765,0.538777097388733,0.0
2022,EB component-phase,0.1,13370,776,1337,245,0.31572164948453607,0.18324607329842932,0.058040388930441285,3.1572164948453607,0.7749359530853346,0.7048889748790954,0.0
2022,EB component-phase-size,0.05,13370,776,669,280,0.36082474226804123,0.41853512705530643,0.058040388930441285,7.211101351455473,0.824243393092284,0.6339450233125713,0.0014947683109118087
2022,EB component-phase-size,0.1,13370,776,1337,416,0.5360824742268041,0.31114435302916976,0.058040388930441285,5.360824742268041,0.8732692442154358,0.7311932182164836,0.0007479431563201197
2022,Full hierarchy,0.05,13370,776,669,306,0.3943298969072165,0.45739910313901344,0.058040388930441285,7.88070361980491,0.8269800207917403,0.6710486124811568,0.01195814648729447
2022,Full hierarchy,0.1,13370,776,1337,435,0.5605670103092784,0.32535527299925204,0.058040388930441285,5.605670103092783,0.8888356709711815,0.7672924739356998,0.008227374719521317
2022,Full hierarchy with certificates,0.05,13370,776,669,306,0.3943298969072165,0.45739910313901344,0.058040388930441285,7.88070361980491,0.8269800207917403,0.6710486124811568,0.01195814648729447
2022,Full hierarchy with certificates,0.1,13370,776,1337,435,0.5605670103092784,0.32535527299925204,0.058040388930441285,5.605670103092783,0.8888356709711815,0.7672924739356998,0.008227374719521317
2023,Direct full cell,0.05,15753,810,788,331,0.408641975308642,0.4200507614213198,0.051418777375737953,8.16920943786426,0.8327598267490957,0.5922423674961533,0.0
2023,Direct full cell,0.1,15753,810,1576,465,0.5740740740740741,0.2950507614213198,0.051418777375737953,5.738190919345742,0.9182795480277935,0.7502796892265433,0.0
2023,EB component,0.05,15753,810,788,132,0.16296296296296298,0.16751269035532995,0.051418777375737953,3.2578116187253245,0.23589396790818945,0.2745758033691638,0.0
2023,EB component,0.1,15753,810,1576,196,0.2419753086419753,0.12436548223350254,0.051418777375737953,2.4186783229930437,0.25499704418051305,0.3160809022406745,0.0
2023,EB component-phase,0.05,15753,810,788,191,0.23580246913580247,0.24238578680203046,0.051418777375737953,4.713954690731341,0.7511913651956725,0.44015495487263234,0.0
2023,EB component-phase,0.1,15753,810,1576,295,0.36419753086419754,0.18718274111675126,0.051418777375737953,3.6403576800150406,0.771500369649343,0.5850973443683969,0.0
2023,EB component-phase-size,0.05,15753,810,788,325,0.4012345679012346,0.41243654822335024,0.051418777375737953,8.021127091558563,0.8550218921213314,0.6114177043984516,0.0038071065989847717
2023,EB component-phase-size,0.1,15753,810,1576,454,0.5604938271604938,0.2880710659898477,0.051418777375737953,5.60244876856552,0.8883020717848611,0.7002438733585961,0.0019035532994923859
2023,Full hierarchy,0.05,15753,810,788,343,0.42345679012345677,0.4352791878172589,0.051418777375737953,8.465374130475654,0.8461907551711124,0.6128650472490942,0.017766497461928935
2023,Full hierarchy,0.1,15753,810,1576,478,0.5901234567901235,0.3032994923857868,0.051418777375737953,5.898613461176913,0.891020536707663,0.7745355907083407,0.014593908629441625
2023,Full hierarchy with certificates,0.05,15753,810,788,343,0.42345679012345677,0.4352791878172589,0.051418777375737953,8.465374130475654,0.8461907551711124,0.6128650472490942,0.017766497461928935
2023,Full hierarchy with certificates,0.1,15753,810,1576,478,0.5901234567901235,0.3032994923857868,0.051418777375737953,5.898613461176913,0.891020536707663,0.7745355907083407,0.014593908629441625
2024,Direct full cell,0.05,17957,889,898,368,0.41394825646794153,0.40979955456570155,0.049507155983738935,8.27758222872475,0.7772273021186535,0.7583412866570984,0.0
2024,Direct full cell,0.1,17957,889,1796,522,0.5871766029246345,0.2906458797327394,0.049507155983738935,5.870785222003152,0.8650063383833746,0.8161483127126214,0.0
2024,EB component,0.05,17957,889,898,124,0.13948256467941508,0.13808463251670378,0.049507155983738935,2.7891853162007307,0.2004365966284854,0.40390478024930226,0.0
2024,EB component,0.1,17957,889,1796,192,0.21597300337457817,0.10690423162583519,0.049507155983738935,2.1593692770586306,0.6635235115292853,0.4715975825757762,0.0
2024,EB component-phase,0.05,17957,889,898,217,0.2440944881889764,0.24164810690423164,0.049507155983738935,4.881074303351279,0.458372361693658,0.44349393978452883,0.0
2024,EB component-phase,0.1,17957,889,1796,347,0.39032620922384703,0.19320712694877507,0.049507155983738935,3.9026100996840873,0.48554573819142127,0.5049998044858194,0.0
2024,EB component-phase-size,0.05,17957,889,898,342,0.3847019122609674,0.38084632516703787,0.049507155983738935,7.692753049521371,0.7820818921065069,0.7103606584917601,0.0022271714922048997
2024,EB component-phase-size,0.1,17957,889,1796,484,0.5444319460067492,0.26948775055679286,0.049507155983738935,5.443410052585297,0.8749666235547057,0.8107173632523131,0.0011135857461024498
2024,Full hierarchy,0.05,17957,889,898,381,0.42857142857142855,0.4242761692650334,0.049507155983738935,8.56999681832644,0.783226294439275,0.7799376382176636,0.01002227171492205
2024,Full hierarchy,0.1,17957,889,1796,523,0.5883014623172104,0.29120267260579064,0.049507155983738935,5.882031936987832,0.8696473246443884,0.8215054012602697,0.010579064587973273
2024,Full hierarchy with certificates,0.05,17957,889,898,381,0.42857142857142855,0.4242761692650334,0.049507155983738935,8.56999681832644,0.783226294439275,0.7799376382176636,0.01002227171492205
2024,Full hierarchy with certificates,0.1,17957,889,1796,523,0.5883014623172104,0.29120267260579064,0.049507155983738935,5.882031936987832,0.8696473246443884,0.8215054012602697,0.010579064587973273
2025,Direct full cell,0.05,19970,954,999,395,0.4140461215932914,0.3953953953953954,0.047771657486229344,8.276777826044073,0.6315188073146717,0.583003587897025,0.0
2025,Direct full cell,0.1,19970,954,1997,552,0.5786163522012578,0.27641462193289934,0.047771657486229344,5.786163522012578,0.6881610648683679,0.6734255609758615,0.0
2025,EB component,0.05,19970,954,999,121,0.12683438155136267,0.12112112112112113,0.047771657486229344,2.535418017598311,0.4504264929176716,0.11960904116500518,0.0
2025,EB component,0.1,19970,954,1997,218,0.22851153039832284,0.10916374561842764,0.047771657486229344,2.2851153039832286,0.7246658993938025,0.23555534336000328,0.0
2025,EB component-phase,0.05,19970,954,999,203,0.21278825995807127,0.2032032032032032,0.047771657486229344,4.253635186549233,0.5092291217232617,0.1914340813441613,0.0
2025,EB component-phase,0.1,19970,954,1997,325,0.34067085953878407,0.1627441161742614,0.047771657486229344,3.406708595387841,0.5456168307445947,0.38150068422312433,0.0
2025,EB component-phase-size,0.05,19970,954,999,373,0.3909853249475891,0.3733733733733734,0.047771657486229344,7.81579273193529,0.5751751373136857,0.5306000323884966,0.0
2025,EB component-phase-size,0.1,19970,954,1997,536,0.5618448637316562,0.2684026039058588,0.047771657486229344,5.618448637316562,0.7554121267491684,0.6963088081871925,0.0
2025,Full hierarchy,0.05,19970,954,999,404,0.42348008385744235,0.4044044044044044,0.047771657486229344,8.465362637270394,0.6253839942097956,0.5752438976394463,0.006006006006006006
2025,Full hierarchy,0.1,19970,954,1997,566,0.5932914046121593,0.28342513770655986,0.047771657486229344,5.932914046121594,0.6929884629475012,0.671690002083961,0.009514271407110666
2025,Full hierarchy with certificates,0.05,19970,954,999,404,0.42348008385744235,0.4044044044044044,0.047771657486229344,8.465362637270394,0.6253839942097956,0.5752438976394463,0.006006006006006006
2025,Full hierarchy with certificates,0.1,19970,954,1997,566,0.5932914046121593,0.28342513770655986,0.047771657486229344,5.932914046121594,0.6929884629475012,0.671690002083961,0.009514271407110666


